590367,0.7634866399561849
590367,0.5987279314957898
281128,0.8153595696916803
281128,0.5266352787713453
301250,0.7180175003949427
301250,0.5429756944608253
637596,0.6673409530301824
637596,0.5211584291905644
292760,0.8196528953407496
292760,0.8481552007398384
893284,0.23996602497967834
893284,0.0670607332415345
942961,0.002109411438947495
942961,0.5178900376583672
579615,0.14208349280706922
579615,0.8566757167078449
700776,0.4995053169494965
700776,0.6591698464841091
342372,0.4091061741356863
342372,0.09913804734314946
514435,0.5401232420665667
514435,0.1439682398686285
584386,0.4447980900180706
584386,0.11483243563332846
775219,0.12350709514669045
775219,0.274382457179828
804886,0.9602661748971889
804886,5.439036378128703E-4
733489,0.360116002043378
733489,0.2289259847633056
758056,0.27595288847490995
758056,0.8963335995757091
214000,0.9271206983977143
214000,0.9049261219703092
488932,0.9692825979516638
488932,0.4755129292319472
537941,0.8476557884460224
537941,0.5972593972343275
358060,0.8964738044520685
358060,0.46939889899588816
47799,0.2615830244001188
47799,0.06154994011130055
916656,0.5784034274502261
916656,0.7737132066712284
745857,0.9116976741115863
745857,0.40754909341358636
393898,0.469841383522446
393898,0.006392357793676973
354283,0.613529609450069
354283,0.5339033425785014
407061,0.8032411496641619
407061,0.0933375404055986
16180,0.047004517706422555
16180,0.2531320299550436
852363,0.10558535829433979
852363,0.6511462230931085
475507,0.5525613900913963
475507,0.8335566546539959
670902,0.19989614889198315
670902,0.6088080757154019
872563,0.7370516738866238
872563,0.6526253452893801
541009,0.8198979829202855
541009,0.04216507388082402
424426,0.4363314955885883
424426,0.07963700449424471
724466,0.1580921963425289
724466,0.26258537648002456
960418,0.24691222070244223
960418,0.2701169994932978
392959,0.9654198132385159
392959,0.3934122254554584
87662,0.16204678699896347
87662,0.00540257265731503
581775,0.41415795176855186
581775,0.5055715729889139
540573,0.4586747544326538
540573,0.3091396560488725
734015,0.8721309067666926
734015,0.5912065568294141
874669,0.0799959152795684
874669,0.4388962946513284
176991,0.31714291735610334
176991,0.1800234929814688
12786,0.38768096489875037
12786,0.18785820815679843
438383,0.24288246788104684
438383,0.8475091736452266
352020,0.035329876239149405
352020,0.4054633278120586
564110,0.8327242111737687
564110,0.571160992596408
215007,0.22828352236811966
215007,0.8821612922630078
452494,0.09544646676253565
452494,0.8041488082978155
593339,0.5730487928338442
593339,0.3831254686554618
387945,0.4126812469485429
387945,0.3380567469639695
313223,0.2686996599059527
313223,0.9130941146902118
28888,0.7430622141578311
28888,0.4874709129168052
269738,0.21749975211035222
269738,0.9338706488667662
870551,0.029592461080851895
870551,0.4359934429399658
734801,0.9849916894087549
734801,0.33703788877071394
534795,0.5203792697259764
534795,0.6272936074370737
311435,0.25801144755150685
311435,0.08467890548767354
411554,0.13559170603113846
411554,0.3193122196295831
642572,0.5806719154616633
642572,0.4869421119817031
198870,0.953115491793973
198870,0.5973230886331727
182157,0.4640743894609928
182157,0.776656692192116
522107,0.8330951796938946
522107,0.9508245523266357
797097,0.013825146986160441
797097,0.07004416353273957
702547,0.8742341504223484
702547,0.1404619602215904
498866,0.21992771675190326
498866,0.5621685141323247
650401,0.7275527622081964
650401,0.7813916436861669
916368,0.33190192450704115
916368,0.2764479662769904
710381,0.9952110576809845
710381,0.296091768172574
227916,0.2514090324562457
227916,0.11903530034543386
224214,0.07949699741799399
224214,0.5313097715547065
838883,0.2821916964041241
838883,0.8447854916077712
464490,0.9264495683782414
464490,0.22447044049013587
244476,0.8649465440977305
244476,0.9980241712638666
653337,0.3500108153010336
653337,0.16134515326139176
316579,0.8486239215259889
316579,0.11316956611466844
203266,0.5043145315383338
203266,0.4975805355762244
20107,0.45546001440619555
20107,0.4836903724614703
859992,0.32370819824682684
859992,0.38644094305849097
822674,0.03943709174562293
822674,0.14740618958473617
75490,0.24960166730658195
75490,0.08295813805574148
916249,0.6671809205567483
916249,0.054307713641091326
242869,0.5665540900141329
242869,0.580048247892054
203560,0.8013653577588582
203560,0.012375950996014962
415548,0.8739837286363019
415548,0.667272708982271
696401,0.5937258650691017
696401,0.0026759190540480704
595318,0.20818838516982274
595318,0.642216880549697
704789,0.9615834582361161
704789,0.18053458856713223
319233,0.5672973414954116
319233,0.04056375672039203
909336,0.18038175242522525
909336,0.5972547495839825
77188,0.6355136162623712
77188,0.4851834635831471
202404,0.6147423163137816
202404,0.9911814336907068
70594,0.2501816502083425
70594,0.40439823625786375
128586,0.05882674660061771
128586,0.08439795415087648
933914,0.8920107576352317
933914,0.7353050917989351
188656,0.3640073714711338
188656,0.24888167403739514
484865,0.41020067699896157
484865,0.9316791777429249
33682,0.12164257401353917
33682,0.7857043117329128
329385,0.1365577042507533
329385,0.5281323566518253
155453,0.13167484336131396
155453,0.4940698986116717
929121,0.5394818390614791
929121,0.995338881519196
466838,0.567874198603847
466838,0.16234847366403682
784506,0.9976433992502867
784506,0.2100295472006629
490836,0.6466440131706835
490836,0.2832721314706973
963791,0.6692199417293719
963791,0.7072519041754702
978966,0.3143810591227725
978966,0.5817559749005435
313119,0.13299940806989896
313119,0.15837160651926352
161090,0.2829824860949467
161090,0.038825536676088124
305857,0.47278641829396684
305857,0.34516662121289576
653904,0.682962475271165
653904,0.9123886388292265
338640,0.6754131402653094
338640,0.5440595247988129
501327,0.472512572112219
501327,0.8944849611534111
47969,0.20253908452091152
47969,0.1880007212834347
624502,0.8153628382822652
624502,0.6807553264375191
752461,0.6559687410376336
752461,0.19415251624228114
665900,0.015664869436747386
665900,0.12605160659176362
440387,0.23880345680726667
440387,0.5722336773216808
270274,0.9586891292886742
270274,0.30532826554278614
695459,0.5111275368689726
695459,0.7890552506538011
814400,0.9349150402981764
814400,0.009976837439440445
930620,0.2442539554737594
930620,0.15847894184630296
58810,0.7054793190613128
58810,0.18954931513124795
475126,0.03249336578923423
475126,0.07606565515204389
996316,0.12368087823244878
996316,0.9453494106082698
969346,0.7616146752511074
969346,0.45885883729099364
101589,0.9656240244756973
101589,0.5739705045581359
57243,0.383243796503683
57243,0.09500717652594826
971303,0.05385420395025098
971303,0.3511290265453152
905134,0.6091173828908277
905134,0.20827994288135376
924476,0.49703356730036663
924476,0.9218698549812882
478572,0.5673127218061663
478572,0.19852182016390207
75173,0.11656994138740362
75173,0.6565356689870984
194805,0.3086818611144141
194805,0.4691474972551396
691390,0.8768017978078948
691390,0.28670994903145053
274180,0.9032246643486673
274180,0.6779354147508369
375488,0.739488218621201
375488,0.825152420461162
180655,0.22054179316737677
180655,0.20793539191273347
948101,0.3803257310357899
948101,0.1391712790948052
196089,0.20314216482343328
196089,0.942867084080173
253355,0.9809868917887609
253355,0.36956986396022806
504024,0.2545453627100016
504024,0.28725106639996656
604800,0.09058337227627855
604800,0.3737249487681278
349566,0.8683430049232881
349566,0.34683385237517794
53014,0.16458818162050715
53014,0.4117019065296964
901878,0.7052301452538949
901878,0.03560436054133276
610424,0.19211671997108348
610424,0.9939886929549986
217034,0.45374307643936873
217034,0.8745393389497191
779885,0.16227754946815487
779885,0.1781421350534298
562488,0.2439975954707947
562488,0.8448759502961335
285846,0.9386385770782775
285846,0.7452119808113362
172644,0.7962111375894089
172644,0.37905272379355204
550827,0.6677976536594007
550827,0.07757744490349971
982814,0.6090283236974836
982814,0.4497761307779773
417402,0.40285498194832137
417402,0.4593706538491952
249867,0.7751754330307946
249867,0.9655402202045847
150290,0.9790314327476316
150290,0.34238588354923805
441595,0.017642031956849658
441595,0.730197637596251
997869,0.3829150941120115
997869,0.1815838249365196
269537,0.7508783653486725
269537,0.5315501351244092
318797,0.19854356547873353
318797,0.03195572988938489
839234,0.47999358799543046
839234,0.05015949270968356
829723,0.10957922307983614
829723,0.25958839960731495
733776,0.41338468660366845
733776,0.8198259897637499
878135,0.42803782966365367
878135,0.5479450457724314
620606,0.7571047232030086
620606,0.2533921720198521
330328,0.24507684337812963
330328,0.5457700638961919
913071,0.8782776720278254
913071,0.05624245176888387
944560,0.3057076119864207
944560,0.6862392085255944
853819,0.09589436951643704
853819,0.9941164158219743
419939,0.928242564896375
419939,0.8868295881500299
124138,0.8486995651921734
124138,0.7688832279932343
340620,0.5540331020480841
340620,0.360983712195485
414396,0.6034016164598915
414396,0.8153315304249138
447872,0.7189620686323415
447872,0.013374579052521818
191532,0.2538412937887823
191532,0.799147482023446
528483,0.707209252858384
528483,0.09927065432849813
704661,0.5166755557553486
704661,0.8841055157626617
444693,0.5389663107700101
444693,0.8454638513943465
785721,0.9407456706169647
785721,0.08359873701622489
263935,0.7997309882589417
263935,0.7695138089603262
644596,0.6963794855761085
644596,0.6812304031777707
49745,0.04313100775012868
49745,0.0336454153424709
343779,0.5109551523012378
343779,0.4287170673288987
144708,0.3314019696983447
144708,0.31848907225506484
859488,0.5338171321891878
859488,0.2176945637375558
351714,0.4244899209719283
351714,0.5140252031011587
136777,0.38172702096733546
136777,0.8772543904472264
980260,0.9115356773643919
980260,0.5766610849051663
380449,0.6328577495364375
380449,0.8956989328423689
423576,0.8519171777566324
423576,0.5206255806438568
914980,0.0993397701654799
914980,0.019293707058828602
701776,0.03433848492105274
701776,0.8013174106441786
229950,0.7082203938415685
229950,0.3502409910399069
565627,0.07007839078819011
565627,0.8155518433666938
584867,0.822338205695123
584867,0.1436456587533569
414971,0.7827507547660476
414971,0.9691983911647513
938634,0.12764348322886454
938634,0.36876355612875555
209245,0.6870086657255955
209245,0.8473186680240371
431984,0.03963989981929916
431984,0.04696541594847381
188773,0.5307298652644513
188773,0.04739340921095314
725411,0.7232020844072012
725411,0.6739953240812047
621554,0.8123399351022865
621554,0.5683644826013058
171216,0.9350684082048494
171216,0.2994190388576893
607152,0.2787720543045771
607152,0.6556827876417609
542364,0.8429195340005349
542364,0.20406132053748027
904171,0.7098725506615324
904171,0.01839013728346084
177798,0.4177373214798662
177798,0.20628111799934745
883928,0.13423225094360158
883928,0.13177893895687054
998572,0.8765512494236998
998572,0.12894923773890765
7469,0.4439294328768636
7469,0.07508398169826513
586589,0.25930320909965054
586589,0.9964222874410505
137894,0.6108833660218401
137894,0.30580860363123397
198368,0.5727777684895288
198368,0.580572565574662
765757,0.9340284268406154
765757,0.4257239635096802
214696,0.39706302107936875
214696,0.2687395899550046
463412,0.7156645788109415
463412,0.237000264916443
759252,0.6327137891677881
759252,0.3893272209546199
305974,0.04881663885563936
305974,0.9858676218058597
385827,0.9600046165333981
385827,0.8321341260319346
790142,0.22419868861810566
790142,0.3059588402459391
658978,0.542890897191791
658978,0.8195875613082579
212521,0.876053551965136
212521,0.11574523440667062
726070,0.1724570200805492
726070,0.05262793016558032
25799,0.20206990646206247
25799,0.6768297113565319
352057,0.9484941437373207
352057,0.764349640710383
600371,0.24071885695518092
600371,0.6274395162969671
929795,0.884409435135691
929795,0.4708627728376724
956193,0.026379784747784796
956193,0.616869357101226
906459,0.7700055559664617
906459,0.32843452627938363
191890,0.3160682162707975
191890,0.28490101318698835
838644,0.9606434560513496
838644,0.6377184397717169
814869,0.8365071495173608
814869,0.40329076046644374
347,0.6931223138161938
347,0.46995009673299903
264754,0.6649257351424449
264754,0.29360026351690804
39470,0.7588024163326481
39470,0.7848456136161464
837866,0.05324377273906544
837866,0.6086522952571501
932524,0.49845733713380425
932524,0.32295287771865555
493665,0.9511994592158285
493665,0.9274570870510386
867583,0.9355023534342716
867583,0.15813938437799047
310691,0.49900506340917483
310691,0.2313859109364974
747527,0.3593609739487573
747527,0.39977604453967774
295206,0.18019847459764815
295206,0.7954653913180396
552766,0.0626738122022118
552766,0.8581746503601585
880451,0.06903365908795045
880451,0.021291166213272206
72431,0.7257539076453117
72431,0.10970967345112703
80648,0.30096170926755683
80648,0.5284159330225142
534282,0.8147237482464946
534282,0.570486527829786
780703,0.24724824939323709
780703,0.8205412654877586
241720,0.048719140164587116
241720,0.4510253829681111
525804,0.05245214481436533
525804,0.506242548668959
400599,0.11082185707649028
400599,0.9840010640768434
242267,0.5725713499456878
242267,0.8227053903770557
446351,0.2628024318591221
446351,0.24008838442185398
188978,0.1729126589032376
188978,0.15159448472296155
513439,0.868726280287784
513439,0.7725544845048392
855198,0.6862528584863646
855198,0.8673634143124948
19163,0.45038594699920786
19163,0.45145783605972023
524380,0.5307439266947486
524380,0.08064693718737947
562264,0.6456912464347215
562264,0.830651397842145
974613,0.2661773834533817
974613,0.6422543558015066
850714,0.21233162741324918
850714,0.6625159712324797
782811,0.606152379243583
782811,0.8202913616985971
104873,0.05710163462118978
104873,0.9425152984647643
62921,0.7008642144771637
62921,0.317279288089383
508086,0.0068161233841659286
508086,0.2292970188910446
172170,0.440204090207275
172170,0.7729841941428572
719470,0.2838659923186362
719470,0.10614939657131228
842539,0.020491488869525676
842539,0.9662031008279306
295223,0.7290360336101769
295223,0.8213133207212425
98837,0.679815156603067
98837,0.2541278162903585
297079,0.6060259471092592
297079,0.2998475316772635
178842,0.1302215302352312
178842,0.05578259035824229
634022,0.4113449754046654
634022,0.5717203746215419
805928,0.6362991231494092
805928,0.7249658629420664
193739,0.04320565805358878
193739,0.6071363410603058
774139,0.775216481187246
774139,0.2961113169705579
202722,0.8531863737088559
202722,0.8952942669325935
359921,0.1918242869981116
359921,0.12234952197324334
526695,0.1900481528538206
526695,0.6935763227690345
905656,0.5185599644528146
905656,0.07625783800496078
30597,0.01029897839061844
30597,0.26943768992373085
311040,0.23876541929740336
311040,0.4606639117668403
342507,0.5889401121816774
342507,0.9946642889050908
833864,0.27435657068506947
833864,0.15333483014292582
339327,0.4494347392090374
339327,0.38436592616281273
178257,0.4904908634980917
178257,0.3992800603950871
216937,0.7464936370141705
216937,0.577659870961535
120312,0.547038918837351
120312,0.08784029999618936
535604,0.4367716854397189
535604,0.9918813144022305
425727,0.3405928961135759
425727,0.943904035948081
621875,0.8679229955778576
621875,0.4327204663195041
820151,0.7869035412808699
820151,0.9953109559649513
300109,0.500988999098511
300109,0.27368304395140064
678272,0.2346397760861022
678272,0.16689022675186227
981534,0.4391307541278313
981534,0.8477994695538771
359031,0.12358248184117382
359031,0.06938113244612021
564494,0.8878704149255805
564494,0.4912342528379414
145302,0.5727737887000018
145302,0.9994790880125238
41736,0.9289562883994165
41736,0.7456281098554642
521981,0.7599753612236625
521981,0.7661270973447261
469563,0.2621367435540618
469563,0.8133885410804805
835583,0.14486431243678588
835583,0.2751810361696405
118332,0.7648006227467206
118332,0.5255088673483745
840021,0.7943674470416267
840021,0.1156402392325262
888202,0.6570712436087153
888202,0.7662324250092919
757988,0.931050801316975
757988,0.06750047076098853
976715,0.0973302274622665
976715,0.2513360832572551
221394,0.9569920541433486
221394,0.9857839791433589
987121,0.033782268419674355
987121,0.29134585919080414
114500,0.8640245143791114
114500,0.02871833054055728
649562,0.4655514056293705
649562,0.875935054092321
130072,0.7611662179113254
130072,0.42991873521266066
555287,0.7837867902542479
555287,0.8383034527231602
887352,0.8478566017586873
887352,0.6773446129538351
135972,0.6321961647347633
135972,0.483097521314537
941812,0.6796744925863988
941812,0.2514930038884883
953326,0.3460136728314236
953326,0.17722866532812553
972523,0.6687309030670306
972523,0.11879490307787932
454368,0.9419703451645283
454368,0.1408508494686197
610190,0.7063602629805477
610190,0.8837068434430387
233450,0.517281773917286
233450,0.6729045928666759
524,0.6845967073678763
524,0.666241845348586
195382,0.7245982047767584
195382,0.6845505745269901
611027,0.8670490189642683
611027,0.37939402231258545
468458,0.9427369620782323
468458,0.40885892930712764
517977,0.3554413549072195
517977,0.12086574516639204
950866,0.1610158248597544
950866,0.26594828612688404
220974,0.21082640874858793
220974,0.7118039813565019
993309,0.21644100593144133
993309,0.9637060554765879
341798,0.8641097146485733
341798,0.2591934089121207
641840,0.6520856609078546
641840,0.9528784763177376
901986,0.7520446312512366
901986,0.2645318482739427
133840,0.48444553747314667
133840,0.06041424847594312
386712,0.09065127821189434
386712,0.018049732220708714
377197,0.02359099793272401
377197,0.7794541555109727
123898,0.4035620829408302
123898,0.47190979994754856
979990,0.06430198829861877
979990,0.24580377683075216
652131,0.6032956744739448
652131,0.31613306988425993
184663,0.840110021517577
184663,0.4587731028004908
719985,0.22912596128427987
719985,0.5115380738662756
826969,0.2621584767059385
826969,0.55158689806336
334819,0.7929088655607012
334819,0.2876594072767237
317692,0.956896370501742
317692,0.027332897347954188
499048,0.5128839624794791
499048,0.2674657918146661
159488,0.07096106924962642
159488,0.9274778053428485
164946,0.7054875285416622
164946,0.46361943035692343
335985,0.9456513991947276
335985,0.4554734135609987
155259,0.9338494981635419
155259,0.03468807366945181
416569,0.11106842977582643
416569,0.9349032829789462
918728,0.46639476164170246
918728,0.4143146600937616
899736,0.7318376687412056
899736,0.27862418121310206
974862,0.15763319023461408
974862,0.045441087625553656
718564,0.699599700444862
718564,0.19500485455274486
394579,0.8444431815183483
394579,0.02307163689170655
824205,0.5940199807735437
824205,0.7176684485615796
798071,0.695034422610438
798071,0.13529741280982854
469257,0.18286961289948378
469257,0.45392133149368674
535500,0.09353803678575345
535500,0.10615361050734451
875281,0.31108179155303617
875281,0.22347568984914112
816460,0.12717580480643298
816460,0.20469819821318014
98619,0.6658249033645728
98619,0.3694169692973418
509671,0.9614411572322377
509671,0.7051256930216794
964791,0.7819001983007434
964791,0.7712808841791099
197982,0.08578192762783698
197982,0.3397532839397738
311899,0.26093889974003937
311899,0.5073216500688531
837481,0.5191082364449212
837481,0.41919535082317283
849386,0.949873185557921
849386,0.7794914998539618
214448,0.45816855330610984
214448,0.974268168772382
847772,0.17557583526613352
847772,0.9051369591583515
507958,0.23214007092505318
507958,0.05832212292274486
358460,0.9527340659463074
358460,0.7305007460768899
475200,0.5770403052640831
475200,0.06374732606209399
803072,0.14222624844873555
803072,0.8811649435774879
154068,0.3373868429615827
154068,0.287382325976803
774971,0.18463000064722956
774971,0.6292102291266066
770411,0.3276046714098688
770411,0.60579999542758
33851,0.3051363835407348
33851,0.31344811624246194
87858,0.7319819378500159
87858,0.3585659542236417
788225,0.4051975486213292
788225,0.7321572832629824
534269,0.38491325923675024
534269,0.20967899960986747
113070,0.7745747609882994
113070,0.4809251188404894
203573,0.6843031078627602
203573,0.7972664203088652
709978,0.3138482783934813
709978,0.051583185441336776
697807,0.9765577399409582
697807,0.39863802011658644
953096,0.8159520271344369
953096,0.20357621704018602
177928,0.6134432462048678
177928,0.2976131812759828
948460,0.730528374302644
948460,0.9860437251522213
964770,0.21141233685351812
964770,0.7397291308903693
414525,0.1596862189735062
414525,0.37495963642724095
954457,0.636762620817624
954457,0.7663845259427184
351844,0.3364728391481089
351844,0.9288838051666625
181178,0.8977966346221103
181178,0.5191365976228688
939306,0.046696346648543496
939306,0.5182523980631262
93106,0.6263477637528136
93106,0.08929593193407881
437204,0.11114104227483057
437204,0.16267420183098236
833361,0.9706936388009976
833361,0.4199798871513928
489188,0.924711927745153
489188,0.8702055881153549
451331,0.9400049051343328
451331,0.33550102612585353
248567,0.24269580975268668
248567,0.6160347030221083
106451,0.5138416615422116
106451,0.3060511480777165
435261,0.9435702831984615
435261,0.5812510747361506
401823,0.12746466167811854
401823,0.16823913009383484
372679,0.2560126076004574
372679,0.38677622517296406
498427,0.9438246247059389
498427,0.08097439296120124
310037,0.477485752651561
310037,0.6841325576464802
287651,0.91867084020406
287651,0.2778035430709803
87685,0.13454206309821315
87685,0.7715635632265343
78396,0.7174653406221515
78396,0.8696761628460689
686213,0.28283598885708194
686213,0.5604836354487799
61086,0.8475889524057464
61086,0.5603801357817773
910780,0.06462823891395586
910780,0.5902992791642313
700481,0.9668981225719051
700481,0.2645102128750162
507830,0.40193020200827734
507830,0.9415872617847691
882678,0.8878997760648268
882678,0.32713664802661124
582144,0.4927235764398591
582144,0.8140855586531506
954640,0.09495635132424829
954640,0.11515037856607424
335149,0.891139365107258
335149,0.26878967663044084
12061,0.6116465917469794
12061,0.09322746276267047
803092,0.18305967217703367
803092,0.31063434583240923
695526,0.504168848951043
695526,0.12701572149435714
903435,0.345070001995021
903435,0.5797007879412451
205442,0.038726799881335094
205442,0.6201791744217564
355263,0.9404160940600002
355263,0.1186120152610236
960195,0.2297187324218699
960195,0.7359744867264458
489189,0.2005972791402012
489189,0.5017454284254883
786621,0.8078775723445966
786621,0.6833812147439728
276719,0.9845996726194509
276719,0.47858568348680597
678413,0.23098124961473776
678413,0.22942460609139015
516418,0.13277129584924985
516418,0.9320077041428935
253178,0.5706523821114202
253178,0.41555165611502265
331544,0.3723886532088694
331544,0.21631935563790117
244044,0.9448862731733269
244044,0.24434094538027007
571757,0.08267274090301102
571757,0.35498465947446334
902199,0.9534396100168239
902199,0.6885746280385867
774125,0.19319936567556295
774125,0.4278712841058515
109894,0.6120512992658432
109894,0.16522059399714617
522455,0.657840052813216
522455,0.8627886023582865
685263,0.8434602289723697
685263,0.3871639207399463
413410,0.24070878972717047
413410,0.23232892538782268
227431,0.8230947112570749
227431,0.7323987250174349
841883,0.14477148133087414
841883,0.4852967809900731
858677,0.7521315964745556
858677,0.18861893084321524
100150,0.169327883656902
100150,0.21984907982105706
661368,0.13929863312866497
661368,0.533245509954215
497928,0.903348804604491
497928,0.6061866491562328
688027,0.19013314942465254
688027,0.5573319308623296
767384,0.46511062705973283
767384,0.022975440560859872
931109,0.9433128150428038
931109,0.8349247316385905
329109,0.7447245607025289
329109,0.00853049168352682
90913,0.8397279669246148
90913,0.8894396601574879
456300,0.15893114013044707
456300,0.39015929127030824
751703,0.9760673969270554
751703,0.8946570506735898
209335,0.11373438549058756
209335,0.18681912759629726
922829,0.9702395243588192
922829,0.9298064552129941
745076,0.3065075841511189
745076,0.6443666850026475
381352,0.7666255000253461
381352,0.3795575124195174
222782,0.49846084246430344
222782,0.8194275696425347
512719,0.7896346830772172
512719,0.9018224328008358
319014,0.5248803625297674
319014,0.9087493423734854
124892,0.3568037458099822
124892,0.44775958879169153
831285,0.4071494688028613
831285,0.44399308669629134
334629,0.9075349377075704
334629,0.9431416155563446
97388,0.14102304161835189
97388,0.8775409063736386
503057,0.46029798545835565
503057,0.5028810594094744
509108,0.25106250971227684
509108,0.6567343843824482
354879,0.8837378453671564
354879,0.7567200288398428
413299,0.4101224794966899
413299,0.9231573570783135
789698,0.1655968372068226
789698,0.4917928352320582
328617,0.5393513901313192
328617,0.13960376739579838
789915,0.861907467122678
789915,0.596495538640845
392134,0.5821286289208844
392134,0.15728325910020846
416444,0.6496905075010407
416444,0.40059843444645993
80579,0.8661478323321337
80579,0.6776634437839831
168781,0.5438313525912306
168781,0.19485191190817575
783143,0.004465978429140427
783143,0.3069764068181976
206813,0.78726201971823
206813,0.5127398490913637
951950,0.30696442253380163
951950,0.8009277335977604
36923,0.969554125053269
36923,0.9759931451409755
440651,0.735455351972699
440651,0.6818641921576776
442891,0.14233047843319946
442891,0.8753641140467354
551779,0.19068418389932684
551779,0.022326032945172325
19490,0.5301746747651574
19490,0.7331411772821956
934725,0.7632225546310435
934725,0.5174442726769822
882355,0.2509623666038151
882355,0.2165396930637251
130560,0.5867271053835422
130560,0.5243442706319201
887927,0.49294907589640935
887927,0.9134775844660298
793619,0.223543393369805
793619,0.566459537612517
545098,0.5321826290610989
545098,0.6930556319909781
847790,0.7332424549154987
847790,0.48987490655058563
749630,0.8128268980808679
749630,0.33396761118275786
9062,0.2828823576291418
9062,0.40074045301473604
987202,0.9060601248167978
987202,0.9945180225483989
785982,0.8173510182894174
785982,0.585439729967559
675963,0.3254771837233156
675963,0.8533148108973289
869860,0.6998937792916226
869860,0.4272056072396482
493619,0.848989786617822
493619,0.2849553893420885
599057,0.7090169721682893
599057,0.7095944124141625
884961,0.7205398817909785
884961,0.6033894605493131
722118,0.9334477649374159
722118,0.9485944009206471
604218,0.7723719300027717
604218,0.19815425333529957
101260,0.11757547183630612
101260,0.5271666758590269
354993,0.423693257873361
354993,0.2304551367301182
147787,0.9115865625478473
147787,0.41794310492084497
919236,0.29973272104615634
919236,0.841680637857749
562325,0.9185424562331722
562325,0.8923188282978759
468515,0.36530664338279106
468515,0.8569825856353773
531522,0.7134068316048576
531522,0.1894061815743585
491379,0.1247526698284177
491379,0.9070918784519547
556102,0.051319789215160894
556102,0.03237373146003664
630714,0.815974204649652
630714,0.6534385760488198
763907,0.015108550142167498
763907,0.3138775795272162
665840,0.29504890729363786
665840,0.27014190668460003
539452,0.7486320184435619
539452,0.8423061752645258
20683,0.43553616112024673
20683,0.0806692127436861
664565,0.4399239534615502
664565,0.9612959916036935
167694,0.186337098200428
167694,0.7337605319853036
918340,0.3041467439924329
918340,0.7748506168182141
585444,0.5804848305413325
585444,0.9340196697252865
764688,0.4698649141121545
764688,0.19982327649745157
692731,0.06971249138774449
692731,0.831789627074611
642807,0.227704734409662
642807,0.8259386985058514
281450,0.5376696443884669
281450,0.09499486157240822
781469,0.9545528882955193
781469,0.5949304206581985
641506,0.5880575753143824
641506,0.28930894421006514
886546,0.9229611753936238
886546,0.1603222757384627
818341,0.8360196351033664
818341,0.047582554227246776
598428,0.7522359433287515
598428,0.9830045998098738
861255,0.9404610980906841
861255,0.37146993730022804
405352,0.8427357492626486
405352,0.6241172189554212
350225,0.7304182615252153
350225,0.28551697720811586
535136,0.6175159930147038
535136,0.975335230622749
611600,0.6583617565153719
611600,0.6895744426507847
404135,0.7131022661243221
404135,0.9050581873578837
753345,0.028883363432853026
753345,0.12083133349295172
393226,0.1518715320182762
393226,0.5922115561196081
707940,0.9290791214464292
707940,0.861279790129807
24843,0.469648123931232
24843,0.3069643254682124
778622,0.9612555161102303
778622,0.4125237156052164
356271,0.11174875289919439
356271,0.9785998284598239
415349,0.6536949029177298
415349,0.2497585218449202
540860,0.9072972299985208
540860,0.6639038554164494
976526,0.10072505813903432
976526,0.359831138843278
250185,0.8145929886414142
250185,0.6845870357443217
851721,0.35851966732630414
851721,0.594292602880099
575905,0.6207183358131343
575905,0.4151975147493939
209952,0.27169483574990505
209952,0.5698306584393138
261067,0.9901133702209103
261067,0.7249838594860878
887661,0.5700009417994905
887661,0.8728797322728115
505568,0.9296636962754508
505568,0.6261553211150929
457634,0.060313959291380614
457634,0.39566107287815655
320539,0.7270352257677725
320539,0.07150001276771634
987335,0.4680071189689662
987335,0.18823844481568686
512534,0.8398898804595533
512534,0.594749205644734
999388,0.8654904110650804
999388,0.3984483352551714
946836,0.5742908740092251
946836,0.8373237414482698
34111,0.7345478716856718
34111,0.5455399629753714
32233,0.06682729734432125
32233,0.986281864282304
15578,0.9871240107315095
15578,0.5985844188786132
412871,0.8093667234495825
412871,0.5926425646801151
254654,0.2956153245148767
254654,0.293960397619632
842252,0.7761815321376665
842252,0.31628938236613924
63722,0.44589420612937913
63722,0.1215165152860892
17028,0.19973762326539568
17028,0.3501387503210468
306888,0.3690602918814563
306888,0.47813727441117815
446321,0.9438689739153626
446321,0.6073967602597343
780164,0.9482383088443673
780164,0.7503794628989218
548251,0.5027728294889274
548251,0.7606161913619987
175695,0.8452488220058548
175695,0.3385317501914048
731996,0.5320507176282049
731996,0.03281589504361315
733951,0.7119846233717849
733951,0.9708026890634259
607332,0.3947612678589919
607332,0.6110295889400243
588591,0.9551287902543505
588591,0.3754759106092579
97958,0.2185237246221854
97958,0.9414835471669103
1091,0.12147124161407319
1091,0.28614259432498657
130386,0.047413486672999716
130386,0.33808447517760964
559693,0.08666284797577051
559693,0.6776031561141346
485005,0.48894214575918005
485005,0.9062664178043949
149960,0.8590102656467704
149960,0.3156145952360191
387818,0.24954548252754705
387818,0.18535382810957224
119653,0.12856775264605713
119653,0.9492662564434565
514465,0.7015761812420584
514465,0.7491281330704466
490876,0.1808780089672477
490876,0.21621959751519026
965866,0.9245427391454722
965866,0.4511385861224778
45841,0.7472495077525663
45841,0.875485008453363
321639,0.7806618216632432
321639,0.2306523552643639
776328,0.4045538345936316
776328,0.7070528231481759
476892,0.3349913271238577
476892,0.1786655427194781
19190,0.35154174016044637
19190,0.12405694176613935
433271,0.9108151940876933
433271,0.803928213959538
705726,0.1385109999363281
705726,0.19812022131640872
357551,0.9332193874817585
357551,0.21500125053352315
830229,0.5330197823028519
830229,0.06624387883335348
220691,0.4227594876449968
220691,0.9474024009118208
791187,0.9161245320455785
791187,0.429518166982113
848313,0.7380997853558003
848313,0.8284317579866789
772727,0.4505311303347673
772727,0.3370968085293644
309424,0.9566552609777879
309424,0.3104184279464084
242733,0.12738571115458763
242733,0.8848259750129646
818175,0.39311654742920443
818175,0.20542688192848246
500225,0.37881712310773497
500225,0.7015025493572452
572968,0.44126027875493545
572968,0.40715794468230004
117518,0.28174664115660997
117518,0.3944207429267298
295358,0.7892295755453482
295358,0.31159862249541337
20160,0.2715862166524191
20160,0.0549584843864952
170706,0.9992176516629129
170706,0.7210321230957962
247939,0.6464381190621904
247939,0.4654877125169874
773006,0.34575657853843855
773006,0.9250673586248814
287243,0.8017106143127747
287243,0.8126124623348006
492182,0.6261097032880253
492182,0.3360660135677215
38168,0.9886025450890119
38168,0.7978086046589086
233387,0.14791016172952176
233387,0.8747837211502411
259480,0.03451148325161901
259480,0.9935161072202496
380044,0.39234977048726927
380044,0.6707318385552775
846304,0.14991299700029648
846304,0.13069576832031393
479552,0.9015064233163101
479552,0.427420802562534
155200,0.521441450969509
155200,0.7939466845626183
306340,0.49753385079694923
306340,0.29332375141114886
951140,0.20558375546131902
951140,0.0898364465902497
3500,0.9313631173611276
3500,0.11756946537043766
898871,0.12784030956791714
898871,0.6069578246663176
17832,0.7841577849246101
17832,0.3323795711247861
592290,0.7518003796501503
592290,0.7019724752972617
4412,0.8703526113312395
4412,0.45499173824699657
341808,0.3405492460950562
341808,0.6922802974690296
273516,0.6060046787833114
273516,0.17544126571245922
122457,0.09011237565059327
122457,0.6239741514847581
581604,0.11773215369569334
581604,0.22169150034213359
451850,0.15557420600165905
451850,0.40193636605225436
139304,0.146304337827301
139304,0.35434346555736973
779239,0.9539206321697621
779239,0.6865475252780968
134219,0.4610659185399686
134219,0.1055654377918519
837945,0.05895570649960136
837945,0.6691601330020275
345221,0.17628709770743956
345221,0.9971175332742954
457521,0.2348060357577023
457521,0.6887149242515863
14971,0.8487348543133
14971,0.45048706582588294
261874,0.6107681230653251
261874,0.22178065904557676
737866,0.2751592888396175
737866,0.3099448766403674
89429,0.7047758659001906
89429,0.9566488415437804
985701,0.8760445449337999
985701,0.4730549980402283
506422,0.4648262033141928
506422,0.10961899583229928
926759,0.8011556730738374
926759,0.16489239736332184
22159,0.5602913214949488
22159,0.4938516672784471
993831,0.47355403488429315
993831,0.8864352833593236
660260,0.07463327063476677
660260,0.2925679792169409
684411,0.6813273482647543
684411,0.14293529821760254
581851,0.22053643922361
581851,0.7327392163203175
924168,0.511228980427126
924168,0.494902998228993
296251,0.6583067823567114
296251,0.8433443841829421
887628,0.3981978593092189
887628,0.5802308115756445
35501,0.6767134149908798
35501,0.23777394649219108
234330,0.8101991839010556
234330,0.19541651453558828
132935,0.6015725836567597
132935,0.7056603583324534
793675,0.705802456265676
793675,0.632851017979573
929736,0.015292685419936336
929736,0.7957196248296734
849758,0.8976461134191124
849758,0.9623735302667009
994959,0.9905588884459192
994959,0.7203678397764637
39212,0.25540633452006123
39212,0.34373582165089467
131615,0.9067653881147857
131615,0.42442364241472286
60257,0.2691583146741773
60257,0.15011872117285485
171868,0.8425478378753101
171868,0.7384041439618777
936943,0.06689660767868844
936943,0.8554627671182471
791013,0.07993437635278744
791013,0.5278505948027137
504000,0.09081329337315747
504000,0.8716381852836455
496290,0.384237874121213
496290,0.11254155233184693
641235,0.8162469479420338
641235,0.1949581627120015
824562,0.7457436099297722
824562,0.28438402733833457
116770,0.22747622315934612
116770,0.05482497260983499
591913,0.20555007256191782
591913,0.6052479334707589
143412,0.8475082792944635
143412,0.16183280215596074
991566,0.030534742647774338
991566,0.22237898841002302
728100,0.4330373925659614
728100,0.13370559484690503
261634,0.11853355930144094
261634,0.953410498615345
810361,0.09673618729203759
810361,0.32683087247464293
329498,0.16646955440946754
329498,0.3696459718454357
245200,0.749077017323431
245200,0.0802452123199956
312609,0.5698000247149803
312609,0.2547951624233341
706078,0.7719151263081369
706078,0.21448574016629585
492499,0.574404587551633
492499,0.7243046509285452
820848,0.8630104804259076
820848,0.19141792607627284
855033,0.5220022138660315
855033,0.26759554094712956
465223,0.22540865449647685
465223,0.9278859435344029
350160,0.9398220681913424
350160,0.7285954608041417
471563,0.34966263374551243
471563,0.624680860055893
142764,0.44263553375909714
142764,0.2805575962987491
238780,0.4126357162674693
238780,0.9957767836201306
362277,0.1832570179905164
362277,0.7352145016870361
485227,0.34761869279541846
485227,0.5639967748573932
454666,0.5780246789289334
454666,0.5346851551205658
132331,0.09140841496142471
132331,0.8845426521166252
215331,0.9649488488809888
215331,0.8011614160205888
794152,0.6246353538842182
794152,0.2446207002063222
589196,0.07575987038195486
589196,0.35223200279941547
177284,0.7559244913471541
177284,0.9922722890504388
842973,0.19429715564160022
842973,0.914797947458154
223061,0.029212857407857395
223061,0.46445258691928837
848111,0.33006590118815127
848111,0.41918585180816703
613541,0.10473470251259454
613541,0.4292117032185372
903879,0.7675098733676738
903879,0.47978793784302665
892173,0.42337136485162685
892173,0.8192645882522702
753614,0.33354645439534214
753614,0.949965596739434
952402,0.6455154557812065
952402,0.6737963130721637
381213,0.2743747952331089
381213,0.831930983283307
712772,0.43486873591788244
712772,0.908029159332581
398370,0.5603364163634649
398370,0.6429266119235609
56087,0.37256050741131475
56087,0.6622474825801415
833600,0.5574565109301854
833600,0.2501288422175174
889014,0.16317446195017837
889014,0.3594432283949892
6012,0.976180208473661
6012,0.8448638454000286
291414,0.3932158781282794
291414,0.28637033986545113
953146,0.2525774234587387
953146,0.7416853312070352
846346,0.9199171603975334
846346,0.0035072958238598906
236787,0.3493236738147286
236787,0.6965481834523202
750683,0.8043107870820194
750683,0.11141499153318069
145667,0.6160843143227549
145667,0.8149898320733651
270523,0.42260768708771923
270523,0.27450083911792666
967833,0.16160571885197428
967833,0.1288871577624776
512233,0.5977380737812245
512233,0.4191776425183067
589744,0.8297006633362958
589744,0.5788414627653211
366002,0.6588556481336186
366002,0.7977871007865951
743331,0.8341847054194216
743331,0.4224775210703867
30197,0.5136501464373506
30197,0.10988493192603699
182719,0.22464872489164234
182719,0.9131937410197983
361618,0.878754428314631
361618,0.8401609526899143
919555,0.4015126590282535
919555,0.7769653996849576
925213,0.06683111994708879
925213,0.012113869951263956
119662,0.7278535733451794
119662,0.31850837021380607
503371,0.6106220610363208
503371,0.6942511090161533
497775,0.4419320120335465
497775,0.23777025235266347
935096,0.49429867054551313
935096,0.37026059996900806
691004,0.31583293407378266
691004,0.9975626726473608
405643,0.9556276424240687
405643,0.21410416731023085
861710,0.607899292175176
861710,0.0774656906119604
198589,0.3344789518964586
198589,0.31019284152190074
567383,0.844254613864162
567383,0.8435103239240506
147073,0.6667667840611303
147073,0.8176730142705309
593739,0.018105345580092913
593739,0.5776366189253136
124714,0.7802975288571556
124714,0.08815719636405783
966010,0.21293692091618643
966010,0.30575282895965994
351875,0.5659564815555611
351875,0.9808069463072578
422563,0.3875312459357795
422563,0.07000221462475398
570187,0.7161915623709677
570187,0.8928200551238562
657896,0.9957581601986797
657896,0.139144722160489
887225,0.2682248540546829
887225,0.7021810548105124
405420,0.7962179792808247
405420,0.2930740032233079
664133,0.32267034130563
664133,0.380075977654035
103671,0.319882762518349
103671,0.010571323587513781
321694,0.2635301539244579
321694,0.02759716597132844
514701,0.2262893671145767
514701,0.19508733341116868
792268,0.05863402643849891
792268,9.213568665608074E-4
576562,0.3526809675862064
576562,0.03766263985738039
149267,0.031534104751416825
149267,0.38144148809424405
628031,0.6463141940603327
628031,0.1467597470495916
319184,0.6352769695830242
319184,0.5044580684381152
161291,0.5191650298581354
161291,0.9428522600821965
844318,0.7605438985746859
844318,0.16737919927110756
66047,0.9027018985722677
66047,0.5906615369219375
217451,0.26530518508350065
217451,0.30997785132799627
311804,0.2610060833919524
311804,0.46521501911636043
568347,0.5264937458212361
568347,0.9666357426674964
189034,0.8161624831948844
189034,0.3087407372477249
906259,0.28586706939981477
906259,0.7228688591697404
213124,0.6922035492719311
213124,0.0984590278255918
467651,0.7982075645484648
467651,0.5772465377652735
112171,0.13030330671032508
112171,0.9407646602134736
274504,0.13507350947692365
274504,0.1355848128042354
674049,0.5816646222658295
674049,0.07281202405924259
204036,0.3684608299183635
204036,0.16068282558994829
234100,0.8012311579741151
234100,0.579201758208854
647417,0.5070468400187226
647417,0.425046667833777
955555,0.43375856020059855
955555,0.8283779927206947
226670,0.09908815193595955
226670,0.22210287961967035
782026,0.5600639138719083
782026,0.6240458728332082
147158,0.44736107779825285
147158,0.20543422584181847
900237,0.2297089148833915
900237,0.13306341537899657
929676,0.12989607579563678
929676,0.18271232469908705
367178,0.3467219172690179
367178,0.9903611167669372
593022,0.6179205012729417
593022,0.11562477344990896
887120,0.5897136476204469
887120,0.7448563739813922
508712,0.44229949338001906
508712,0.7691621670112417
899691,0.8210946503479654
899691,0.1337646398211979
512928,0.5969517060640103
512928,0.1752280634712401
943391,0.7416443539879086
943391,0.8927358204853718
281823,0.07142307114633906
281823,0.7018561757267235
622293,0.856719196200184
622293,0.12863395637383346
583958,0.9957082880943068
583958,0.6049555467842869
392301,0.5817160927991651
392301,0.28246752774507866
323278,0.12403700806560802
323278,0.3115599653137492
147992,0.10518102391930917
147992,0.07371782959301043
541841,0.12227226164500227
541841,0.35649055352541803
376685,0.35624292647641864
376685,0.6936260179344133
349002,0.3539807592169203
349002,0.23874058448224977
272985,0.7833067172170447
272985,0.6582851023383766
980391,0.9580729501912396
980391,0.7278258143819913
528389,0.8769577485928085
528389,0.17999633105279655
426799,0.1591950855512183
426799,0.10608443026395231
31236,0.9184717629391336
31236,0.7916594302118765
988089,0.8084855261531565
988089,0.4876194050923792
359325,0.6448161187369738
359325,0.6033610220780694
757449,0.2842421247561664
757449,0.3459172492097038
985700,0.8485866081148841
985700,0.09770543451093838
452754,0.8936507372597131
452754,0.63532831520381
438632,0.9947025771925522
438632,0.6623374709485382
111416,0.5962318783757494
111416,0.15954917616402398
775705,0.07348564000141533
775705,0.25540704949340776
380383,0.2536282693180063
380383,0.6997028382513361
682361,0.4676743958988405
682361,0.5492328848108395
526852,0.004173051363549063
526852,0.9455988854906059
445542,0.4697746001165807
445542,0.028928936148320816
26027,0.16934132695088755
26027,0.8716410303938078
510567,0.12374413733715528
510567,0.20749093606358082
796617,0.45720272486551905
796617,0.3221552344944817
859377,0.40733272562799816
859377,0.20515118785033304
545333,0.16663925067564855
545333,0.5942736127971747
217524,0.27228284061739727
217524,0.49757051642469974
840834,0.419573688901712
840834,0.8090139428843043
208518,0.8312842559891148
208518,0.6960904372064144
288832,0.8922194421517049
288832,0.9860433904301432
288375,0.578713280879588
288375,0.8799101507755157
56863,0.8487745492640151
56863,0.2636125628744559
503329,0.6748921544029889
503329,0.47132256763777225
338341,0.5048741146311
338341,0.7730688347167006
505716,0.13334649573889812
505716,0.7065974719022189
557984,0.9407406484227545
557984,0.669956006967768
733917,0.5438448572460018
733917,0.9078796389637221
349232,0.88367799827381
349232,0.15404541505027192
187276,0.1445236571945473
187276,0.26854836929306236
857704,0.7922563393674058
857704,0.07741462604880434
82675,0.12415477107413897
82675,0.9457528095725556
418986,0.7974577846070563
418986,0.5626059130167215
425766,0.5830367417200287
425766,0.9092474461789988
380082,0.8165938222444558
380082,0.33713088004742764
892394,0.4762113447195505
892394,0.29379418312840677
903103,0.04158220058171047
903103,0.39235121264995265
327583,0.288043220455378
327583,0.4655882813890754
892922,0.330504136480532
892922,0.18287606216688035
823083,0.07018735484141014
823083,0.67823231753927
202406,0.45133821699500276
202406,0.41900339196831105
254695,0.8084246450927478
254695,0.4901856648256585
113061,0.7986720554789941
113061,0.9598143059877278
643625,0.3566543350659911
643625,0.044668119685160934
490805,0.0843358217474075
490805,0.6932880491581906
641521,0.014757511125979117
641521,0.631382712104887
531848,0.8173246924340523
531848,0.6851280413998533
980585,0.6431378957400714
980585,0.9555889095682902
802538,0.4082360003598735
802538,0.8263673217134494
960341,0.5175207910858157
960341,0.46125017838764204
82780,0.7354438655290451
82780,0.48939419895407854
165242,0.14331532615821652
165242,0.13357251210433452
874448,0.8139396546004055
874448,0.33563460957267455
226192,0.9393894874128137
226192,0.7656209101636097
273625,0.3933879531066016
273625,0.14469403141544634
813261,0.04896316905282816
813261,0.18476465059290148
734894,0.7929341946698487
734894,0.9570999062406872
154813,0.6431104530166549
154813,0.2562928602151142
754577,0.0563714949142855
754577,0.7830030572487814
689733,0.5544894093354709
689733,0.4018731257094298
893809,0.3532325690457857
893809,0.29852670641258683
191519,0.9534953518418195
191519,0.9728690428917758
425770,0.20736079061327928
425770,0.7206099128130711
391395,0.42490398744114877
391395,0.6665416302060828
408101,0.34013528081504985
408101,0.2622381389046282
465481,0.14858241948389894
465481,0.3022237750836554
978437,0.41933215461333095
978437,0.977040890237019
693799,0.6044803431598788
693799,0.2666641809954895
637841,0.2945982508835848
637841,0.7359863928436898
624605,0.47833776204104406
624605,0.9926665841896694
622165,0.26106065608615847
622165,0.11668957423821857
27109,0.2983480451656624
27109,0.3441616585933589
333431,0.8195881381239454
333431,0.002137441293033282
951361,0.2335846945983827
951361,0.315964633173747
288229,0.9253523584959018
288229,0.6183620955928452
996463,0.20120031224561452
996463,0.5881019850835189
280476,0.11464163384001236
280476,0.42949292086803703
318037,0.6618986498100886
318037,0.6408337486671738
328677,0.6366251463585544
328677,0.040076143797058705
616756,0.26417684408134745
616756,0.6917895672267551
390832,0.8835260267364706
390832,0.8810407226989381
231324,0.19268067854993454
231324,0.9914689899015432
216612,0.28866990244082047
216612,0.01257846511527061
459593,0.5295319952430881
459593,0.17086479377143804
572710,0.3075768987249835
572710,0.897961995419829
823869,0.1722533680516367
823869,0.09687304691360432
708048,0.6260378891601018
708048,0.012211478853431323
378818,0.02882238311854457
378818,0.4586279927034793
969416,0.10360308287652853
969416,0.17162592171728552
210676,0.39638073083908076
210676,0.9690459322749541
883960,0.96240901864739
883960,0.100721322747513
791879,0.0035508641379125017
791879,0.704568968106889
477212,0.3627985861120169
477212,0.5010803162247381
65451,0.03868642363437447
65451,0.022537411164862076
461724,0.050672951261713894
461724,0.6131518358553832
87759,0.49256848104162865
87759,0.6446254280633325
825779,0.6449207562075976
825779,0.8088149970578271
397691,0.843277567156579
397691,0.2754974130590082
748506,0.3543036790027102
748506,0.417420282186167
330233,0.3840423229037795
330233,0.195622694044022
386267,0.968789462046014
386267,0.031025712502025127
167961,0.7787964980869411
167961,0.13378135178372974
856833,0.584517828496901
856833,0.051242163331857826
821040,0.9425524853149775
821040,0.5145928341311484
291012,0.7665390426355737
291012,0.4384596849771284
961460,0.808118335328978
961460,0.686111968941034
246842,0.5068216173038709
246842,0.6393751868395132
953134,0.22704322577068758
953134,0.7926153675810675
452200,0.9054119428249616
452200,0.6757622241965944
933297,0.47589343332577827
933297,0.04082569658198476
736173,0.49618127212192475
736173,0.3986097227647296
127898,0.5288051211644659
127898,0.6158935156178363
737546,0.4524569022615341
737546,0.5898528046581926
340300,0.15965008698994076
340300,0.9263411229080342
14445,0.3907582214136718
14445,0.9285255595540058
604191,0.589622562788197
604191,0.36373104357475894
117223,0.6335776482434347
117223,0.45569499273024916
297906,0.8241200905878798
297906,0.9112931402806368
688466,0.5721360363436652
688466,0.8362723327791116
108967,0.35487045860484245
108967,0.038383923486102534
888311,0.9710971460485408
888311,0.8407353032235217
148374,0.5701090315198093
148374,0.4950057641385279
906106,0.5353862227906572
906106,0.5928146052358417
137134,0.9864613535108762
137134,0.5623725686721223
451497,0.9301058902132971
451497,0.4841990890622072
758047,0.31111998266920693
758047,0.9266468756750833
701682,0.5471134788621415
701682,0.7684328086432467
572444,0.46473329017118936
572444,0.8336875138478489
573061,0.6312561027515166
573061,0.8506975027882334
205178,0.12403370556556503
205178,0.7693018981598077
955074,0.9063537670658699
955074,0.12344112565694032
644843,0.09572077446222282
644843,0.8138801722107247
624846,0.9726129871697903
624846,0.6675018936033029
461673,0.8585363625326868
461673,0.9983373391063065
877743,0.9359414819033032
877743,0.5348121844444647
899017,0.05780448530118032
899017,0.5807796073506453
698823,0.09991069884416559
698823,0.9018478296383399
383544,0.2274732477111504
383544,0.18741346982958118
720373,0.08745768064188397
720373,0.6542942593024554
133244,0.8570079708517362
133244,0.39990347560583506
346500,0.30201511730055897
346500,0.6856083990755426
552935,0.18522276626183576
552935,0.16277293100562773
858280,0.7161613702866372
858280,0.7142054151647688
35369,0.6130046374952247
35369,0.2596569455835813
700757,0.015055216076261257
700757,0.5410104331312066
97179,0.660138307309516
97179,0.1735217682455451
143830,0.32515146576240894
143830,0.20306130635071418
274122,0.010664118325070193
274122,0.5698683577241892
500722,0.06896091126572035
500722,0.4531934423839772
448886,0.09535317583378378
448886,0.5181154049675273
460183,0.08467144766036117
460183,0.8180170564823073
462244,0.990562692655207
462244,0.4087655690613504
112937,0.6516105819198729
112937,0.2062236626606233
989566,0.06245786190768132
989566,0.04216343249940435
550804,0.8719384053322791
550804,0.6098024286440814
453138,0.8641099204619231
453138,0.15561729791616108
899078,0.7882341138337216
899078,0.4609789418439594
987139,0.4318817110133508
987139,0.2599010496632014
952029,0.3376311391304637
952029,0.6841177139527053
240539,0.4623864608058794
240539,0.9338087325464313
700575,0.8472566663833718
700575,0.4959426002802191
281482,0.44775053032745904
281482,0.613054278077401
243992,0.8054550481655826
243992,0.733936709587567
608485,0.7790281124034111
608485,0.08628151118394023
962539,0.674666855862697
962539,0.8558126112244974
525705,0.03570877798259442
525705,0.120347046860669
153889,0.9613340515248032
153889,0.4883512367462003
812482,0.42126536457607877
812482,0.4660449674102941
216027,0.9860474055727205
216027,0.6850506192260188
535297,0.6051972978265444
535297,0.6077236281498194
171386,0.21093283220584103
171386,0.7458128451379714
854365,0.9875160313219762
854365,0.501447683898549
174539,0.12566544678590585
174539,0.13929917894414234
605580,0.45910731005298
605580,0.36508556350780463
44847,0.9891979051367855
44847,0.4053943872239203
374455,0.6410767905776076
374455,0.7894261069650035
15095,0.8289132397267329
15095,0.7417482153166093
255198,0.7072257654801374
255198,0.41213613471311794
657413,0.9528523864164
657413,0.9250803510567235
375561,0.7582164967875635
375561,0.31376068412725855
540415,0.39032559854476645
540415,0.0011976106489739458
776808,0.3829777168675985
776808,0.9314468059222863
162624,0.545166800857824
162624,0.6562074176309473
13327,0.9742546225029304
13327,0.5422174127672146
501157,0.1329575293770222
501157,0.23891592774003434
993542,0.5867726668799842
993542,0.9871425490834502
493177,0.7212039133239022
493177,0.8108463109174099
705356,0.8211356228031624
705356,0.19189611868375633
369878,0.34234820014507406
369878,0.2570997935086138
192167,0.22330436666305797
192167,0.0654216593083623
487111,0.6432919236715131
487111,0.2243290555020807
694606,0.04984025459735575
694606,0.4853622587245203
814477,0.9282083439204944
814477,0.6426468876598943
646093,0.302108434690597
646093,0.47132490783961667
847048,0.17831054459403073
847048,0.14528587065844223
814189,0.8182510387851095
814189,0.2735732025121069
787230,0.06314153371494269
787230,0.5971143294216612
664719,0.1935156745229777
664719,0.9783498838955066
583401,0.6979565560312722
583401,0.31361942766510664
345883,0.8118783004910546
345883,0.8502451571768811
920978,0.13119263595322483
920978,0.4483863319669469
449183,0.992370988584151
449183,0.6460138587024613
984062,0.9587501131122027
984062,0.12291895221196358
883529,0.05903036857269539
883529,0.8088455897321781
560072,0.8834339299886117
560072,0.39650876244481015
