806293,0.05928106708038383
806293,0.24938179792158888
59701,0.10091101505736988
59701,0.6922016303847589
467714,0.4357040208240478
467714,0.34735367916496873
878351,0.5149327475593257
878351,0.3974157660313721
27270,0.01222872224687066
27270,0.5849735335110061
343360,0.4440029866598727
343360,0.3420491739122662
654287,1.9933819646933415E-4
654287,0.1256055734362862
360364,0.18984963799547883
360364,0.5230900486601556
508551,0.8620713917567125
508551,0.9505946769981217
822201,0.9002836944671414
822201,0.05904204723011741
958877,0.25516392468363525
958877,0.1727227896733442
976954,0.6841890717809082
976954,0.4821608468379587
435892,0.8356624248768939
435892,0.04427780036761497
295680,0.5415978147090785
295680,0.6024177715378097
771912,0.178780395367104
771912,0.09997388184786848
775476,0.12225474390639401
775476,0.4635696654136471
7218,0.9461220223643313
7218,0.8079339496610135
64433,0.23019879279586664
64433,0.6099016712939671
846091,0.3259489139502625
846091,0.11394226675446095
970337,0.8242467378206394
970337,0.44975219852587167
971755,0.43301999942453173
971755,0.8880202406041977
684633,0.7713282646602239
684633,0.3894630998503128
260329,0.3997284418068303
260329,0.8545351258619787
477392,0.35546072592072253
477392,0.541623753847692
836519,0.13541126228989375
836519,0.5796881982506654
543059,0.9354820692734319
543059,0.1489006623910789
91284,0.19922802056665123
91284,0.700967142488976
939224,0.667474391358639
939224,0.3999498256688663
696956,0.03734946256762739
696956,0.5946524643882756
41513,0.9747818664787857
41513,0.04984844602878158
627452,0.3960144392927256
627452,0.1371072184354576
126820,0.16567469951606295
126820,0.3786105188239939
769132,0.18251229440973105
769132,0.7555116297036075
797059,0.3926737004412296
797059,0.21763551955511584
217500,0.4327336040029347
217500,0.1450057832952597
924867,0.08420502848404954
924867,0.1962933935102823
75501,0.8220474022326194
75501,0.3586144989708745
121920,0.5281255714362982
121920,0.26139451799014635
820051,0.23757345823371145
820051,0.5900011817704727
103140,0.39417306004923847
103140,0.46848399572246224
676128,0.3733672001815026
676128,0.473145980275797
429596,0.2932484935474533
429596,0.3805261308519594
311303,0.20076438345821668
311303,0.5495052864006413
585618,0.9340378166696772
585618,0.08520408275376878
269497,0.5870998080273995
269497,0.9613298297142961
795008,0.8701594902097095
795008,0.9128078773856769
291268,0.02827821444583345
291268,0.7827491020485442
680322,0.1611488057569035
680322,0.6113404546403473
139565,0.29418798881868646
139565,0.35771391844682554
669987,0.9284621152075964
669987,0.8050031552891566
391836,0.328293093430856
391836,0.9918430923404065
509558,0.9142021406369331
509558,0.9593629919071025
777422,0.5347307936474806
777422,0.5520270776805148
619563,0.8345191309487192
619563,0.016857650950790393
192790,0.5808969697159908
192790,0.6285727183585542
724851,0.8171762469056902
724851,0.6124185790422353
436203,0.5382028351269778
436203,0.08493861005930914
859746,0.40783594806863754
859746,0.578534562731173
356481,0.2672844385634163
356481,0.0032185968473810167
919470,0.818945855702899
919470,0.27544304407470843
780019,0.966398528272629
780019,0.26593575611648856
501182,0.03567322377232618
501182,0.26416011650096605
125988,0.515356593953663
125988,0.5882360782621029
524784,0.739067231667279
524784,0.1436865877857818
717683,0.897285943763659
717683,0.45904637482900457
796258,0.9864613059219686
796258,0.14732529369734348
207904,0.11423756179621603
207904,0.09594413876331354
820333,0.10517113798150213
820333,0.603416962366235
308105,0.3018955622367472
308105,0.8529788884619347
515431,0.6393778478317648
515431,0.4504755403776768
377788,0.7769458022283333
377788,0.08545441194148873
892224,0.7064028664069325
892224,0.4670106603838121
3709,0.9454770194106724
3709,0.9707146219877496
416325,0.3713802890402622
416325,0.9840971222220766
545028,0.8909923213459888
545028,0.1916274948081247
372825,0.2568201581829518
372825,0.544754769980163
24895,0.7401175287982452
24895,0.01401833564874011
939096,0.773033757998475
939096,0.7001247752083661
315700,0.1479796065307465
315700,0.5750438007297429
677757,0.7286450761318569
677757,0.40348403079533557
15386,0.9222930095085627
15386,0.6730406288064678
398848,0.5429144914784627
398848,0.7042959929405532
775363,0.293381537257973
775363,0.8543039384027241
986911,0.5005878548498857
986911,0.4995061491970776
200953,0.17947493548417026
200953,0.4208580427879002
363597,0.2070088918309939
363597,0.4781613556924288
947027,0.09311624193292034
947027,0.6441864791160499
648948,0.06294688263823145
648948,0.7861275827317346
585817,0.2455455981353768
585817,0.12832821059894306
528108,0.33533458532187965
528108,0.8484602442323113
687250,0.7206390333175511
687250,0.5108841681639619
114675,0.8532326077526259
114675,0.4287537032955052
831887,0.8585000236301553
831887,0.23168039886673786
563545,0.432112075118404
563545,0.27471792362756386
476657,0.46194174418435063
476657,0.05006314861961092
74533,0.19842094354226847
74533,0.9268962341740286
495994,0.6190348138918528
495994,0.9342958493691101
376132,0.4190597414426104
376132,0.5394666449158433
184341,0.5000106001218918
184341,0.980428389403117
481127,0.11172054627167749
481127,0.24474702063727793
369626,0.49110751285296206
369626,0.4670494342012157
940755,0.779591752715634
940755,0.5716344634792461
186515,0.39581440198324536
186515,0.026370570295360163
752885,0.9607017538091888
752885,0.5985502559698347
317188,0.08136606270815039
317188,0.5169039061199897
771404,0.3480064875630239
771404,0.6207499193919745
281507,0.13946534849699865
281507,0.5853276981903991
794125,0.8390408900080304
794125,0.4104335881231781
5887,0.084400982917198
5887,0.06883349458107413
721985,0.5705657012215893
721985,0.7242273838907081
283760,0.6578608892108381
283760,0.6174293293073974
955058,0.3629137271970875
955058,0.9545441600320108
206729,0.9783824361500629
206729,0.08193518888938356
616488,0.6711195004345276
616488,0.7078265397032434
738745,0.30941240014739324
738745,0.2779651401960559
849238,0.1428953345144348
849238,0.2345479688682245
564203,0.46989332257465877
564203,0.5072463809101954
569222,0.481025520404747
569222,0.32595557558680444
817943,0.3488920826886649
817943,0.6100194000288665
686896,0.8686614916757333
686896,0.3674487067657788
873950,0.03785497667274185
873950,0.7987049105772868
715180,0.037854679166714034
715180,0.41591972854364867
429918,0.31995439490553634
429918,0.8589411902089686
643774,0.5216447845196521
643774,0.831876754914834
903365,0.8356155347935528
903365,0.6242476255115464
850222,0.16356038788951466
850222,0.15926862392696362
395838,0.6938147632918833
395838,0.2820566209196662
433243,0.1332318877847588
433243,0.7634395685268002
175557,0.2391532674047615
175557,0.4842382998730824
785184,0.6652502273546796
785184,0.43882724078257873
199227,0.4986813822103795
199227,0.48475569399514296
50703,0.8321733428654778
50703,0.737716492230359
377015,0.5398230619774459
377015,0.3943962967063569
468514,0.47006894451786296
468514,0.7512225499553816
819989,0.42771003320059564
819989,0.011143984222012016
665535,0.3788760249466562
665535,0.6500138008161683
907441,0.9001073746249557
907441,0.5582668224936984
710074,0.9830872170184072
710074,0.537752373392081
55066,0.7850525835012936
55066,0.39247242296994944
147314,0.7786922547224251
147314,0.9028562543379741
250182,0.9032388190079749
250182,0.3031327848321541
650480,0.39183140325414456
650480,0.8925079252485534
850923,0.9271785358561226
850923,0.34669310541840115
830592,0.7267328432060389
830592,0.240340563653061
793030,0.7967910208166105
793030,0.5402051095244522
654496,0.0627735655511551
654496,0.9442604301815112
623855,0.5979782125407456
623855,0.27317258680029133
713672,0.8762704793165871
713672,0.93597895962763
926410,0.5845530066250098
926410,0.47373931684656856
257650,0.25389943342972465
257650,0.7757297431964049
323763,0.03246282440802861
323763,0.6253042096164468
391594,0.8028546138669858
391594,0.0023675860821599226
947253,0.3509593750636917
947253,0.6664267287307443
69031,0.3097532036942887
69031,0.204740665716162
479576,0.8972287321397436
479576,0.5146420936523316
972117,0.020117582453416438
972117,0.6832839096331622
800736,0.5641379555147382
800736,0.6007221754105742
97790,0.04629916505991605
97790,0.30362505507249493
549780,0.9773520106122031
549780,0.33574672664677896
897596,0.2632415911134163
897596,0.410734321292597
920675,0.14533516303457372
920675,0.06759150407403736
797547,0.9393046976427847
797547,0.1649091332423882
681684,0.5509655546936459
681684,0.6809952228981042
968456,0.1921008828278684
968456,0.26488861148107723
573214,0.3870726035529174
573214,0.2748737021860601
216285,0.29569837630454254
216285,0.43923705614945563
675565,0.6562766155138083
675565,0.4459340951601143
823116,0.5447060101684147
823116,0.08115315770798726
861954,0.6081596763965608
861954,0.7835583864572145
591964,0.5675613943125689
591964,0.20107441626919376
687738,0.970697901076755
687738,0.019217941410313966
460789,0.4416586062766238
460789,0.4818305573934185
920179,0.2631731490965392
920179,0.7066342171282154
582343,0.321253225640735
582343,0.44448466450843294
256547,0.4203836989316315
256547,0.46831032707622455
615470,0.7518765616732357
615470,0.018281346620971584
462310,0.9323830119170777
462310,0.45401082507994817
679684,0.6480455283647423
679684,0.8391398387367041
88887,0.2253021600545866
88887,0.7691857094961537
980132,0.9684880921526723
980132,0.9339351890682234
263356,0.2794696413491936
263356,0.17099118929264767
975521,0.26921867986903736
975521,0.030000725472820733
772722,0.5565613086651988
772722,0.4076779938081202
262973,0.7508751460527833
262973,0.32199272568008563
913461,0.09634535215988049
913461,0.014680150452797136
578043,0.6336081192699552
578043,0.4886159617788265
846875,0.29126483668029823
846875,0.7324286987382438
494831,0.0932750677263543
494831,0.7992350539504989
676741,0.521925653256018
676741,0.696572378355337
916843,0.4932737924991728
916843,0.5801084358226568
98798,0.4273228672966207
98798,0.8969248521045995
286589,0.606479615711861
286589,0.5690432127215783
99129,0.4632189791293665
99129,0.42262204187225827
69271,0.9497188462880071
69271,0.5584713098377424
931565,0.5915451439772432
931565,0.24317384037929957
438562,0.3718779569315651
438562,0.4165561440080515
65292,0.33613435016133586
65292,0.8250297661411216
448581,0.5933254751629966
448581,0.9525000133745193
137447,0.5966970502589859
137447,0.5886532185221748
586301,0.7978929516696353
586301,0.24383195491646215
779181,0.8677015474649981
779181,0.631544957562475
937064,0.9848452303442595
937064,0.5879835016449998
479690,0.857767856394124
479690,0.2761922242797097
201235,0.6558510328102299
201235,0.06107479819706796
157016,0.3911367850799302
157016,0.5181793717068369
472438,0.2682745777136327
472438,0.456744539480038
473966,0.8228015115756445
473966,0.9169415892579647
206470,0.657405548623907
206470,0.2220656800916776
208286,0.27070406107954803
208286,0.7890452274227888
489792,0.16252430639615967
489792,0.7697613999819308
589517,0.36400058645576816
589517,0.5359358819866057
266920,0.32661957980847645
266920,0.10308797552497229
247185,0.9069064764096556
247185,0.7952988730590618
875649,0.4537658220686128
875649,0.3456036693537
974734,0.9970214251031434
974734,0.22852745225106508
583922,0.3752531768923676
583922,0.14211311648299774
723553,0.6072383875161904
723553,0.9243848858645588
512531,0.2947445823337028
512531,0.11742897098151683
140558,0.3013863848901983
140558,0.8942075511389718
617223,0.1851569013747265
617223,0.6652197599363244
441788,0.4583978992271489
441788,0.3278673889684198
665133,0.4268784398724643
665133,0.011039157419853729
55159,0.028562052393982906
55159,0.6216352070412823
278720,0.2725810368246826
278720,0.369435324659096
858052,0.11743557140080119
858052,0.20453966902941234
28822,0.6306087669635368
28822,0.8248883653457016
869811,0.28901607839752097
869811,0.6194734165035167
7481,0.46313031825870943
7481,0.7085809010961438
64189,0.3905222996917752
64189,0.43709729796646557
407332,0.7272675058124072
407332,0.789781655209665
312118,0.9812037231445411
312118,0.9438308481992004
552,0.9984629299320078
552,0.8208717474712577
951241,0.48577895182042585
951241,0.7569101569852651
893109,0.7950922918012774
893109,0.41469435360592055
244938,0.9841901084795425
244938,0.2780789499658479
554454,0.18711697143342865
554454,0.49357315761634
672070,0.039426305875103096
672070,0.43611731534511033
986535,0.5108969521496619
986535,0.7001250429615694
626251,0.4541567407684439
626251,0.43327209205008077
608619,0.6017513546409808
608619,0.38114427043559673
131961,0.41013270300433946
131961,0.3718454403815643
345710,0.48878570974152746
345710,0.9664113854023723
191074,0.5423650587687423
191074,0.507642018965859
127278,0.4914181986251176
127278,0.9692002251711498
383830,0.3907659327237949
383830,0.0672480008657067
589595,0.5930216232445396
589595,0.5411960531000231
121387,0.07934432096875832
121387,0.9548844560194306
444296,0.039463807149362595
444296,0.19587484914996067
181306,0.4891917863230908
181306,0.42325609967016986
507813,0.9751496373508786
507813,0.17088756157236074
962997,0.6529218141577975
962997,0.8198948080439751
669146,0.25575516207184035
669146,0.5430341779612001
997336,0.4219083649585528
997336,0.9911347391512464
801105,0.3659138320931018
801105,0.14274750979647877
979839,0.9728249874150422
979839,0.5616450055383372
907071,0.6664109676958827
907071,0.8454217742163499
773031,0.49079436758031336
773031,0.12181859135877193
749882,0.5952304697615435
749882,0.37869904677937505
132203,0.985966881268674
132203,0.05624091023933819
303078,0.18226571434366312
303078,0.23069621880655755
823259,0.33470218351243797
823259,0.9575996959045758
768587,0.3727222863265147
768587,0.09765800287384352
441579,0.8216057885539684
441579,0.5553389552206984
235919,0.637864475941752
235919,0.41356085892080097
869889,0.49932194470764724
869889,0.664234308246929
857296,0.143438629109782
857296,0.39188331129572374
766524,0.11142949266451141
766524,0.11483156569515696
795599,0.7411408835833123
795599,0.17035495042424686
52478,0.06890312170463453
52478,0.6214375727573959
481944,0.0653596904884497
481944,0.46566861340234744
637207,0.2980898220142033
637207,0.18585600332089403
129285,0.9590074928698802
129285,0.7579491570051696
872932,0.8660110809482565
872932,0.48214297381509763
549853,0.4034042525229856
549853,0.9459335418593324
405137,0.4763259891858259
405137,0.5018908555972879
664817,0.4423997146649693
664817,0.2024926130444471
381152,0.4218057579983965
381152,0.37326056714362355
752354,0.30876033661562285
752354,0.7512015692471091
311553,0.18310241355685852
311553,0.12272885832755898
63119,0.9302727974662278
63119,0.9218209070001231
944930,0.3611886352479803
944930,0.6970931081013364
915838,0.007980239275571455
915838,0.1350686802053428
484075,0.3884313165023794
484075,0.8744340770353559
238326,0.6902801661416419
238326,0.7402474589438333
555216,0.8671512822413501
555216,0.7639526512621799
960605,0.5295417873735161
960605,0.7875048392901374
93755,0.7318011900946645
93755,0.35126341812171624
771351,0.6909895478115291
771351,0.016333700765251757
552521,0.660368075027186
552521,0.21814709084533956
399289,0.468420962737942
399289,0.7751789890002317
751191,0.7330471148780524
751191,0.5423543275639703
914580,0.08053498315192642
914580,0.34249952145918394
913208,0.33567531874042833
913208,0.20323938967256183
329173,0.3362064311020583
329173,0.1563928658943714
436593,0.8202007586930773
436593,0.7363894270844199
659642,0.782695000186636
659642,0.1983676931718068
340113,0.8161006294832277
340113,0.4136609779240774
591646,0.3610025783161547
591646,0.0010594683703293306
280701,0.3749463088866656
280701,0.42625559667763613
127924,0.6201643855445178
127924,0.39839923429269175
971771,0.6915645647647236
971771,0.820607506541682
51624,0.15961166314437136
51624,0.006491285882452624
271515,0.3744138932576415
271515,0.8422256984633556
68472,0.8574866411612917
68472,0.4401953608768915
545366,0.3382402266100186
545366,0.5541655609153042
378684,0.1831887360877501
378684,0.37971078881781495
591997,0.101610459370998
591997,0.8703957569428495
284077,0.01831586121996376
284077,0.6035924056483859
219931,0.32814253004144134
219931,0.9988482737549895
265131,0.24412808590631063
265131,0.02521033779163795
282928,0.6485617753291184
282928,0.5031065058513693
295874,0.9471296536429172
295874,0.28859107471419077
993496,0.5542182989335463
993496,0.9459149606218225
979435,0.6798046737861145
979435,0.4298457872426886
862738,0.07823013985279337
862738,0.2928805751458812
577004,0.14588430842175137
577004,0.9680381745801309
807149,0.749396534330927
807149,0.31138287393227526
9819,0.9979439331088599
9819,0.23402638404052134
177795,0.515114544645592
177795,0.9831443068103868
721349,0.2636987862690071
721349,0.928282079437955
165589,0.6560530321747108
165589,0.30572201393176857
994844,0.03751434735295012
994844,0.8058516501072471
178656,0.7855521778412046
178656,0.20795502877419814
116518,0.43156268730484415
116518,0.4831858702542311
963691,0.6638129364924164
963691,0.06294300663841956
270842,0.04826838655733412
270842,0.41440130386795215
226820,0.4618507994263311
226820,0.6187203590879088
801530,0.21346431884401074
801530,0.5043401773666446
36474,0.19405483161093962
36474,0.8481951799815434
933429,0.6750695581327756
933429,0.2986379763740631
913956,0.7019863761685846
913956,0.25004067037365585
260529,0.9159900648860294
260529,0.6989191183808324
614789,0.4755540896954257
614789,0.014762480896205465
602392,0.963330751122592
602392,0.42413091151377424
778938,0.658399826796465
778938,0.8424362280789289
357116,0.5323270385501977
357116,0.7966235005647863
780563,0.12821082727738375
780563,0.8742321105343149
383449,0.19459150299555994
383449,0.39923643840931544
22560,0.4003169102215156
22560,0.8201087178418245
707695,0.060210436971363634
707695,0.26789392247988175
329738,0.3279750024721747
329738,0.40428507590528895
449314,0.45156560981292204
449314,0.6675952920457345
970201,0.5210390043911424
970201,0.7230306938854744
156904,0.552529403188413
156904,0.8877266436824517
158500,0.8245831042979009
158500,0.5464242065383724
660169,0.8686595485714537
660169,0.015412468698012716
803089,0.8080328168703259
803089,0.3339546191832721
97801,0.049672522975708344
97801,0.337184959813441
171711,0.1905287912367022
171711,0.5685522606347159
837184,0.8591092709262257
837184,0.9661980298717939
487336,0.5407999788513697
487336,0.011436547834583366
888648,0.9667019208484078
888648,0.7708596896194245
378962,0.21842995658036013
378962,0.4837684635058138
164916,0.2819857649244346
164916,0.059507822885876194
620291,0.6111620049764445
620291,0.29683704460174953
911542,0.06350828028469302
911542,0.6540435622218795
403075,0.10548687776640964
403075,0.38973252237348266
985328,0.2410623878682604
985328,0.8983732634796496
835959,0.22209622216204616
835959,0.25278574670670306
843039,0.3704631424538871
843039,0.09351107066611453
362874,0.8052171006724936
362874,0.5455665613223816
756733,0.008494916100253547
756733,0.44735165882555916
623735,0.03482622395395374
623735,0.4876911414989902
101787,0.7175122507093034
101787,0.9645521073184715
606247,0.2026957006640714
606247,0.706776871325095
870587,0.19773913972174084
870587,0.4278192188175597
422722,0.09839762351292503
422722,0.6577339926130272
245059,0.08528097759090991
245059,0.07994750807480155
748159,0.03989537841558366
748159,0.6568541132885384
701435,0.5888375453634643
701435,0.3942744148926648
307264,0.9532447384124294
307264,0.9588394042069901
721661,0.448243831845484
721661,0.12968198518788865
36521,0.13611208974403266
36521,0.22246893626897601
135479,0.03651482336813816
135479,0.5285405138863394
457140,0.3781344087935671
457140,0.8510077082498786
2840,0.5923266954766383
2840,0.7485436388216766
147044,0.24664242407585857
147044,0.8987349018439327
785129,0.6047167154870301
785129,0.5184753755962639
964994,0.44371983830357997
964994,0.30496254594660266
760885,0.0013059983867601543
760885,0.342629714497214
265154,0.5847532266132159
265154,0.7629824474369011
956351,0.1618263335395802
956351,0.5880170462739656
430241,0.14209036780978657
430241,0.4493883532703856
224902,0.07177920023070317
224902,0.2207055260542018
379678,0.516985851183436
379678,0.09000475193788438
510814,0.614763603649572
510814,0.9757818905827929
981250,0.6591613910695379
981250,0.04913245120638887
169225,0.021210054308102633
169225,0.14393089464371267
640566,0.7098141413707207
640566,0.026274228383693643
339036,0.8615915265546114
339036,0.40778555178102216
82213,0.23725314854434143
82213,0.17415450534442278
614443,0.6113313387149945
614443,0.04544546520458104
778145,0.6091343948144148
778145,0.8700338170461237
612129,0.8131108470787323
612129,0.7933639057365718
305359,0.7047746759648623
305359,0.24240551143088518
936022,0.2037792024682923
936022,0.059197160327452814
452042,0.7394296408465193
452042,0.5069467846780592
865834,0.5459709811509896
865834,0.5783005306639505
109359,0.603687141444702
109359,0.019571993290671386
107699,0.10313265350218614
107699,0.9569333905142214
110170,0.7841311831969062
110170,0.0022964122925808184
386796,0.4913927657466538
386796,0.1227369720378263
756558,0.8834685239494915
756558,0.26387064470239063
987231,0.9628107387221818
987231,0.5025429303528864
630394,0.4474242519835999
630394,0.6828897276775976
782211,0.7842587318729133
782211,0.4485401558699804
393075,0.3519044548906497
393075,0.6700268354626921
435346,0.8213052277939867
435346,0.9951203861954341
984010,0.8448822827646295
984010,0.8043748838579261
365310,0.7956875825153674
365310,0.46557352307703825
325786,0.5565967748260292
325786,0.6396077654753856
328408,0.2924651556684903
328408,0.8478547680477562
49387,0.2718821637983577
49387,0.563411483254308
204817,0.8829813608783266
204817,0.2103351427002531
580845,0.9341840173208551
580845,0.15485139335024578
391823,0.9860142103613602
391823,0.4538738126063342
988050,0.1755050220617167
988050,0.23065083883459447
889017,0.35192270287170946
889017,0.6145675304065501
8273,0.8974719257506416
8273,0.7028467847857574
855669,0.26214503862983174
855669,0.8356829030662946
757731,0.09872046363535847
757731,0.2748508535567945
495804,0.7977860718066145
495804,0.9165987179823699
514552,0.795398943872625
514552,0.4943350844063328
720534,0.7774502951269996
720534,0.8205207861343414
916059,0.33270854144062434
916059,0.2744905613387286
966014,0.23755945983464133
966014,0.566056204150386
989111,0.34772605664659817
989111,0.7239785823533708
884377,0.29102656240727043
884377,0.44753443696223005
391704,0.8811979757352677
391704,0.8853789416504568
489132,0.9072077792204084
489132,0.9686508367737712
398953,0.22313672130771078
398953,0.46029307897597915
526074,0.0857665049288906
526074,0.040798634309696546
838472,0.5893263487184284
838472,0.573541696696482
795566,0.08236777576789045
795566,0.32153863500598456
623060,0.675042908617165
623060,0.9006562559182949
633234,0.9418941679583491
633234,0.0968706023417274
464187,0.48833262430128166
464187,0.7572552724910918
186344,0.29435213986555075
186344,0.8748149160627098
589126,0.10185033746959882
589126,0.7609165018025206
937518,0.6995788238204689
937518,0.36820334648760167
746652,0.6956774922081611
746652,0.7361446451635874
944531,0.7992062565410255
944531,0.18268004840986796
444402,0.9315659436232369
444402,0.15759114398171992
595295,0.8857274590508525
595295,0.30873769467473133
677449,0.3378300848915249
677449,0.20263300860997668
889208,0.8783470036284656
889208,0.4899611938059899
114667,0.08856996843058051
114667,0.49474426410705574
900469,0.42976587515601605
900469,0.1926114126735632
237657,0.8451860766560193
237657,0.4925715725189348
133081,0.882691550851497
133081,0.41807417104980604
138163,0.4271452981534385
138163,0.807524902619014
454806,0.042227168196115494
454806,0.41517866294550854
791099,0.6233762528227486
791099,0.8958203608160862
761172,0.5255819686886827
761172,0.07551800699689803
961765,0.5706036732187825
961765,0.73180361576079
939868,0.4362951446487672
939868,0.6825602130118507
632559,0.6351303932789971
632559,0.8547555719009069
169400,0.19048234676594966
169400,0.0937001356040772
787613,0.2671073693436957
787613,0.3542006375260388
920098,0.2343934392650977
920098,0.6065646180758004
631692,0.5872248556224231
631692,0.24704402370095613
169671,0.5975970857147064
169671,0.7817800277259267
78162,0.23802269155302258
78162,0.48251824089018314
768726,0.30421110198990553
768726,0.47092834832487585
29861,0.4622232041686529
29861,0.2919124856570452
660690,0.29035261796918366
660690,0.9476064995253759
655349,0.9545130163771552
655349,0.9663710592585547
451763,0.6093222647322507
451763,0.9719910117854123
536353,0.5707232747037108
536353,0.0800004081939154
84169,0.703436124450605
84169,0.00467638864640374
161873,0.2394401254446853
161873,0.14246160034068156
475485,0.6634479716358027
475485,0.6758032128197385
438996,0.49452324813858783
438996,0.99090862508086
23024,0.34173809064161875
23024,0.5967329304186628
834470,0.8314531628332855
834470,0.4597173182138089
629206,0.9584019840035315
629206,0.8920854542409065
119186,0.715997155153827
119186,0.04199983067166746
575727,0.96816485355945
575727,0.5989461580748714
111759,0.37171380689731914
111759,0.7943409225487313
856165,0.2659691237435309
856165,0.16879940267772175
331555,0.9877374494333768
331555,0.018826839172596976
175486,0.19579598872273674
175486,0.9085163503110946
419704,0.500793788736048
419704,0.7367359883595079
420457,0.555112352538831
420457,0.1063093944297877
156590,0.6320840482358678
156590,0.39713398825670065
696668,0.6424640293780868
696668,0.1887511586535333
21600,0.01220349982151947
21600,0.7356270191857526
872258,0.8692943476480277
872258,0.9581156363625368
330581,0.3289906255685411
330581,0.2778930821223341
194160,0.007981084128230509
194160,0.08707481368840686
745815,0.18233944742382768
745815,0.1502364222566961
725187,0.5329775101981817
725187,0.14124975341427815
95286,0.2335281502407649
95286,0.7761159668628611
156290,0.47681721935473853
156290,0.4874120998798128
297466,0.739106034702294
297466,0.846872930640982
544067,0.9317778229160913
544067,0.7001341391253735
276151,0.4600369994129049
276151,0.1710080455846168
215104,0.10006534545213153
215104,0.6437456448973221
601981,0.49927121605271807
601981,0.4110438017016669
998419,0.45215394025753775
998419,0.11586696745451286
211887,0.6617212979527338
211887,0.2569712351468617
598672,0.42520250910907587
598672,0.06852365934830762
117130,0.1869541107663656
117130,0.537627606627473
460983,0.6893853110133699
460983,0.6687639075398966
378312,0.1253845260884171
378312,0.37872457481695854
93351,0.31415622249302444
93351,0.31015106242917456
948094,0.8990330442740144
948094,0.6253862362588504
93553,0.5834468416350279
93553,0.7851057512870092
599618,0.08418798980537101
599618,0.9514098168945296
839925,0.02205321598874521
839925,0.604766278340758
468055,0.09054181882985535
468055,0.9364308711837727
966945,0.31525989465101045
966945,0.8435270611481508
831592,0.15776617946658011
831592,0.04181097612915918
551352,0.8397810486140869
551352,0.15295623916966306
330169,0.08590155927936027
330169,0.02582891946524557
484966,0.07918221480501464
484966,0.6898034253822132
643579,0.8314996729039078
643579,0.4744130221325812
532969,0.5785171796504739
532969,0.922831574126733
745034,0.16801270677022662
745034,0.8355844690899882
681348,0.7074906851490209
681348,0.03597130539218496
708512,0.49068230325344786
708512,0.3922621741421426
309091,0.13375348932514652
309091,0.2540106865021071
288930,0.36903887673771973
288930,0.4151008884799108
766226,0.9362855728012699
766226,0.12066771560526102
316173,0.20345711888424511
316173,0.7521763247787016
741117,0.8952050944776218
741117,0.019567684963243792
495282,0.603338907878723
495282,0.39380862117011695
181014,0.33162583575581595
181014,0.568798028442945
42754,0.676026523956071
42754,0.3845204505969064
735293,0.8100750926353826
735293,0.08792782874151306
413912,0.3666337847929091
413912,0.24749475402444876
262078,0.7175301477730559
262078,0.506668835403948
650920,0.6161682128128353
650920,0.1408140147421879
695198,0.7646824432658798
695198,0.2428649453754851
677865,0.5118121824206706
677865,0.6317706851485664
66510,0.6065185499460766
66510,0.29878765210602476
74485,0.2979827020361462
74485,0.9986798562687483
298638,0.6590640815410217
298638,0.38852777941706196
694566,0.4354409872420153
694566,0.964156696257674
960336,0.7772116302852301
960336,0.3906474613008979
202958,0.36939253962648066
202958,0.3547705665368065
292680,0.967131070430832
292680,0.3193629284300167
582738,0.369202292371275
582738,0.15499492899621192
160394,0.14275288317838153
160394,0.9270617634090582
940225,0.5693714650281179
940225,0.9148605925352661
952004,0.2338429546585995
952004,0.9586047047864427
855524,0.3688203141449683
855524,0.26930500189613393
102050,0.3272137406005502
102050,0.6025095673343784
200775,0.1221043270119212
200775,0.09380642061334832
229478,0.9349206081190631
229478,0.034235634002420245
418682,0.7935221232198356
418682,0.7590968828060468
385106,0.8528936056379867
385106,0.386720986863457
287886,0.4279460047892887
287886,0.06745453316904915
36631,0.7364140870842758
36631,0.7948216476898216
104663,0.3244205495068766
104663,0.5362943050345629
91902,0.7925638009537656
91902,0.7486292732616724
672396,0.3623631731561221
672396,0.016967600580045428
436256,0.3041521607375346
436256,0.9189187077814808
542913,0.29590058627447147
542913,0.15609841887169496
542906,0.90674306526804
542906,0.28162667869035685
902003,0.32404429840894766
902003,0.6828795455938412
474994,0.42545200802280525
474994,0.04367836216032184
953098,0.5849329923487403
953098,0.013968881750764939
149701,0.5944101731160581
149701,0.19130322246331544
893595,0.22260470467979332
893595,0.5995472584458761
237961,0.9307140732396604
237961,0.44549513490079273
490720,0.06529971967281523
490720,0.9980454176292118
318468,0.9131286326467164
318468,0.8022748076716508
269013,0.5420635280124169
269013,0.12268605471762217
866642,0.6758710888672281
866642,0.2731114901236973
99418,0.04477301770964803
99418,0.8170633497569041
827888,0.49155092412478163
827888,0.8656307192630759
211226,0.45496839159077673
211226,0.3513174489129576
965183,0.14522194101120534
965183,0.13464972335472358
388099,0.9189755372493214
388099,0.17819240306633832
453941,0.10547171814574596
453941,0.760521192114469
449981,0.16559508847799287
449981,0.7841333106991125
946455,0.41367286015599225
946455,0.3212321483820535
990673,0.6983648132249567
990673,0.34192727646290233
644144,0.9630335966243366
644144,0.8556621734851926
652911,0.18537209577580283
652911,0.4093887096191099
574517,0.09539966415655043
574517,0.7107508150393006
68950,0.73122394511528
68950,0.2190290865273703
161254,0.2596432942555609
161254,0.8365476564945061
160084,0.999430042837459
160084,0.8721168225004435
116873,0.04182178524242108
116873,0.6648009065367557
755442,0.2759672545483093
755442,0.7899273222827345
212712,0.17122721374185423
212712,0.028989776051247307
675765,0.7421779157906074
675765,0.08175383015734494
23739,0.5757206758493946
23739,0.9800639628863578
831771,0.6126693581212865
831771,0.7012431661832687
958401,0.23154611874644693
958401,0.5901485429654189
269880,0.4392934873225367
269880,0.005724342664238269
327693,0.7002777702800006
327693,0.5872312939391154
106523,0.3411782901856888
106523,0.4992596721488648
231399,0.12123486295622776
231399,0.49141212123797895
781958,0.5396903678830658
781958,0.5544795778113175
106841,0.08825865108949804
106841,0.3823148259610627
324464,0.8787694574273591
324464,0.18647607728228122
224301,0.5387931106097613
224301,0.23507685971100167
818771,0.07087991757882228
818771,0.8209745393035487
401280,0.02135036711669469
401280,0.9604196359832066
677838,0.18798765311679222
677838,0.6540194686918367
43687,0.6002161937254455
43687,0.5959596801978755
536750,0.357145093514305
536750,0.44555535486980635
8428,0.3634696993654999
8428,0.4695493824121093
763850,0.7629473178147967
763850,0.5875932615430625
654019,0.08514363412523018
654019,0.6894486462995576
893712,0.3028531392325887
893712,0.25372474659813804
215098,0.3518067555016533
215098,0.4444525522801489
991419,0.5051202848268805
991419,0.210108635923004
217534,0.7374021932915621
217534,0.925416850906279
901480,0.03461431712293328
901480,0.6759600222575226
630526,0.2255367841825936
630526,0.25526361861827207
588381,0.7526103316579906
588381,0.6068076826409459
651178,0.05910955689636621
651178,0.06907898655372613
323514,0.753077807408141
323514,0.05582565040305798
652687,0.2147181860326678
652687,0.5043832452371204
381690,0.11820802028291932
381690,0.39013866495342553
620852,0.9266421112919895
620852,0.3484440777054665
17771,0.02458692520001826
17771,0.8131766507195503
786888,0.39532840284276627
786888,0.11042856039122084
976833,0.19562909803999018
976833,0.7199421517751456
84057,0.04788677295912025
84057,0.10413509915729913
327360,0.36233681904634907
327360,0.3779548084302986
726716,0.39842899251230357
726716,0.5101143256862821
413736,0.48239306352701106
413736,0.04633044809714282
105093,0.08540809853007414
105093,0.9789145155656802
126116,0.8499523091117761
126116,0.3950405087076452
294826,0.8898387958750636
294826,0.38361354363483957
517741,0.39922314478470944
517741,0.02075308382243357
717377,0.7534709638713974
717377,0.5899900917986582
30637,0.9762783287949292
30637,0.8736371924501594
73397,0.2815127075159458
73397,0.1548644375553957
952833,0.1682031172187901
952833,0.6671792075295129
250495,0.695796506312728
250495,0.8842527109283378
531473,0.6006517666339344
531473,0.2313065300937447
31306,0.9082532313058828
31306,0.23156938279096662
543195,0.45525838746225256
543195,0.5510934925215684
339312,0.13590787775949942
339312,0.18172927530831529
744771,0.4819682777261247
744771,0.6110515945704026
52965,0.22010318373073445
52965,0.4426448569628525
566244,0.6915042543369567
566244,0.9790727778917838
590242,0.8685073751020572
590242,0.20087955958087977
851865,0.03285783467868586
851865,0.4833032682281123
984357,0.9551946926519778
984357,0.46549211345635233
950282,0.08850850286465228
950282,0.023788496280221394
404284,0.28098004336718596
404284,0.12961528492834007
614404,0.6865102564703848
614404,0.03900378835065088
428439,0.9835442113948246
428439,0.43566726411022927
174371,0.453946700455765
174371,0.9289106895305571
955558,0.9335803951564304
955558,0.2026323595176457
13417,0.04280315831168091
13417,0.16348453627954296
996759,0.256781960215577
996759,0.03537174933471987
852556,0.05546694930283913
852556,0.8229089656062142
767122,0.2897970246116206
767122,0.6596255342810472
670270,0.859397211850683
670270,0.39522063794557005
952203,0.45582147618151236
952203,0.5425896674639746
339289,0.912690820176848
339289,0.25097388344320704
524894,0.5189855220946157
524894,0.11983989111323745
319255,0.9864498526859733
319255,0.10546520510623736
404933,0.5612578176336093
404933,0.12604107190057545
146905,0.22956803833771244
146905,0.540264515456304
617422,0.3021713664097513
617422,0.9304346845562727
819858,0.8521795102332324
819858,0.7619190988739689
373178,0.6393241928118966
373178,0.9705203584542615
49279,0.7170345654495719
49279,0.8145313626974513
237980,0.6462483253234228
237980,0.5403343672730279
905022,0.5546631168489935
905022,0.4641081261963069
896966,0.2927239778389382
896966,0.3058314755885404
11219,0.3874852627937594
11219,0.6186490570527224
828495,0.21734281896440155
828495,0.8175400909972074
966310,0.886180322327521
966310,0.6552105016954325
906137,0.5162889516022413
906137,0.45899134848165923
994537,0.2813752168415724
994537,0.23154028263673387
296591,0.9249939875415557
296591,0.4533593834056321
702999,0.6915615027578879
702999,0.09284125798345988
679925,0.1292167836157725
679925,0.17419937049067669
28412,0.31060974844179656
28412,0.061931392325839996
574868,0.21611175945023597
574868,0.1962669728612375
621514,0.745743143138501
621514,0.6599612439825031
816349,0.6281218078529678
816349,0.2618340990581527
878845,0.9581270931214254
878845,0.5345042839560807
945607,0.519702652064896
945607,0.6105678171107916
592659,0.9891963745432305
592659,0.7256114101212218
791380,0.7470630313815954
791380,0.9744117178212716
618524,0.35686590001208485
618524,0.21365407713826434
470881,0.5037220462168385
470881,0.6328139865871167
976499,0.2492417063424528
976499,0.7301353283724255
553164,0.8034220869014145
553164,0.42611968479246676
616703,0.3353392002953366
616703,0.3245146182842661
373067,0.48746198748734315
373067,0.8351129627994988
515581,0.8411441962453542
515581,0.6574518108420349
946654,0.933006552300456
946654,0.7644937643931454
438765,0.5986226381310991
438765,0.4102641960931225
112808,0.12119433013537584
112808,0.5213543826544426
841809,0.778810030643258
841809,0.6241317147283818
982135,0.7325242531724103
982135,0.17910156591316928
660424,0.5300115510215017
660424,0.4391968075232727
129343,0.7533767368761529
129343,0.433285212190884
418927,0.06475656653388351
418927,0.894777734663912
343072,0.11422818912109078
343072,0.16480028709555183
948736,0.9301213723024367
948736,0.20622490250506698
244328,0.720611548909428
244328,0.9989042264373964
689503,0.7798010119261612
689503,0.7408260124013457
108366,0.29326779426894156
108366,0.7262090880134554
533920,0.4308534562627986
533920,0.17147309429003466
148591,0.02911164369667274
148591,0.07640068894626117
852173,0.13467729371414883
852173,0.592439268065189
71801,0.7096939669298857
71801,0.7988499810221804
273084,0.8052863267851351
273084,0.17376586021414886
92256,0.5493377595879646
92256,0.6343321826651652
181071,0.6165894964743969
181071,0.4154234437545915
735240,0.8141820588346861
735240,0.4050351636852084
275323,0.7397244989703075
275323,0.7937204718905215
830986,0.060372888927110235
830986,0.05325909116122052
305748,0.47716301759556523
305748,0.31459430206048733
710892,0.9768382855725737
710892,0.1188204186586399
737438,0.49921012664154285
737438,0.8407233037629552
173237,0.5715736951833196
173237,0.2717544225092582
906703,0.6532025231508333
906703,0.3544725995884025
219260,0.8471259687568732
219260,0.9187803180831801
590572,0.904574384079359
590572,0.2318487382472726
38044,0.4463509522684974
38044,0.49289125455793115
844128,0.9076928892531112
844128,0.18195119763962297
642994,0.21301596469899076
642994,0.6363028667032917
881960,0.5841940592958103
881960,0.702373175035728
873550,0.12825790261955494
873550,0.7078011319371851
147688,0.2879367214653392
147688,0.6399688528402915
544002,0.9108952161465592
544002,0.7732801520869987
76092,0.9162491952367688
76092,0.8799686604150032
821675,0.7480380144894965
821675,0.8392401824701234
718229,0.7253582191947573
718229,0.5116109007626279
661899,0.9351704293758066
661899,0.09798295680820468
717606,0.3584496022189668
717606,0.342978270233377
214904,0.9958765315934034
214904,0.6907092447578549
991495,0.9777170978527849
991495,0.024148706448942625
856407,0.6913932278906901
856407,0.8012145215826184
934571,0.2711312893604736
934571,0.8692015817095671
994231,0.510951966218975
994231,0.2179220359689097
626017,0.729335883152684
626017,0.491281133910497
128744,0.9266431606485841
128744,0.6790062580109872
664824,0.9011548482334886
664824,0.9687843961589463
737830,0.18403767164395501
737830,0.18349028716505478
37055,0.7909895029453212
37055,0.41193938803013397
557940,0.8787614477531344
557940,0.030777232025954948
64999,0.08449772659337895
64999,0.2831637973070841
680210,0.9113741888897023
680210,0.11093994271446916
125098,0.5740110715556489
125098,0.09716305352344223
383858,0.6094292769594473
383858,0.03468721859390522
771252,0.6019389388188194
771252,0.8637139182832135
910290,0.19659684890174722
910290,0.020535234626010923
645325,0.22223484208763455
645325,0.1389083409608901
652280,0.16264345271447844
652280,0.4449181349693473
800787,0.4884235295581847
800787,0.2616074014676095
991336,0.8646767549583708
991336,0.8259232951400681
315869,0.9115517591423232
315869,0.7732092006261598
513598,0.3715960587249798
513598,0.3056374336572588
752834,0.25041561055107575
752834,0.6415993245792527
954080,0.9553048338379622
954080,0.26206434115924737
468570,0.5659375091850712
468570,0.06984373287599133
614741,0.41503194116317665
614741,0.11088392343596465
144292,0.7511296806899675
144292,0.7248251603389115
970744,0.5933002414074359
970744,0.6765033328093322
730135,0.6512248239833575
730135,0.6319289394573231
437856,0.9170055364343151
437856,0.1630609989165741
117638,0.695164572212389
117638,0.01454887756050427
180104,0.8459596991578632
180104,0.03536167923902722
931598,0.6784853135501293
931598,0.7396303731942994
547683,0.7445679763734866
547683,0.3247008537501328
664604,0.015574581833646794
664604,0.5031869607710338
739639,0.1739052857429012
739639,0.3884169632034019
525676,0.10528013196626096
525676,0.7639884476748996
628324,0.24532306925270353
628324,0.3777070121617717
625987,0.4879832710856413
625987,0.4135202468459521
654837,0.10032551304409931
654837,0.04227711566553338
476618,0.3128961107794124
476618,0.2152485497109765
966059,0.579709175230665
966059,0.06975959384351826
982907,0.30695749917933024
982907,0.7924429085592367
159828,0.009117905492869838
159828,0.954936133506777
737252,0.054431734580449476
737252,0.4803234683377269
193430,0.2849044415931071
193430,0.48141612268688394
923518,0.04504278949292828
923518,0.17868162252904973
67194,0.8062439947371275
67194,0.5390533137126028
873712,0.871484869721715
873712,0.008684442609127041
759257,0.522982366709034
759257,0.10312180689266981
650482,0.4214279684528446
650482,0.8989788989591484
793736,0.046316283466787955
793736,0.9228206939115976
108241,0.01702645777988776
108241,0.7307201260565551
391867,0.5298248962637346
391867,0.40609454759455565
295370,0.1873672297897795
295370,0.44681808619446217
175384,0.4708946413621605
175384,0.5457771998747913
627880,0.21382702574326773
627880,0.43109608157579205
814674,0.9552836655274349
814674,0.8853044872676725
995865,0.3830354344790926
995865,0.1634649336431433
805223,0.9282452093722736
805223,0.9379397898847364
262156,0.8846194647719604
262156,0.8595173118964234
247285,0.47994588915039926
247285,0.7943807861279016
40859,0.12750795150924343
40859,0.3628366108640847
674499,0.5625275616528206
674499,0.43431825533989943
417008,0.4864694744576692
417008,0.028378422995938957
63937,0.35927856723777574
63937,0.31302326957375404
88306,0.5075828159943818
88306,0.547433092180262
60809,0.29278660210951635
60809,0.46871111332915694
196089,0.17586843770167004
196089,0.6008602778289586
409004,0.6142650134302869
409004,0.6814836084531039
290786,0.8136496536544379
290786,0.8945042687487336
781879,0.908747265696025
781879,0.577806044799905
888672,0.32552737888681316
888672,0.16211177739604088
366498,0.2651456107663578
366498,0.90356584608385
130108,0.8711481521066065
130108,0.8728505657083065
565936,0.8046670451332611
565936,0.19754949108722497
889359,0.515455317281867
889359,0.5472885370804275
380361,0.6575832992281307
380361,0.6748165214631822
254146,0.3734032643568438
254146,0.8507951605820883
506306,0.3857186897578524
506306,0.8629155178080861
731505,0.7808150683234815
731505,0.2609712589189743
153225,0.8027611946512112
153225,0.18551873877051883
138597,0.3197663989294077
138597,0.47383574611579626
253322,0.9658532017133732
253322,0.13383241301951154
341265,0.16025703628618237
341265,0.04270463039902239
373261,0.15850560866558094
373261,0.1239864457654335
929349,0.3122576151552431
929349,0.448335233336957
642230,0.3691496143598981
642230,0.9183804101888996
382067,0.919447195509202
382067,0.26427524470713604
580075,0.4193070599089216
580075,0.31888919212623446
946714,0.025872926619077363
946714,0.8576675589951308
143611,0.5398915233562623
143611,0.832645197835633
149179,0.9248866921994792
149179,0.9241354506778235
934682,0.8225532245422795
934682,0.3871667810822028
310676,0.6648641343886588
310676,0.9792200582969822
640299,0.16127789593773934
640299,0.5103648396504518
181900,0.9566383394528822
181900,0.6180926295116695
599053,0.7294872627010991
599053,0.7182724002478889
285105,0.45882766576950373
285105,0.9849353375273677
668625,0.22748154333318815
668625,0.24703223057018064
420191,0.6576743851876946
420191,0.02683936605601378
373165,0.7310387642326537
373165,0.31636993446885375
24909,0.5995499652016073
24909,0.5931639097891847
106639,0.04270166577505663
106639,0.5039889058314311
443379,0.8205444504823562
443379,0.6411271140626217
327422,0.5371834020705735
327422,0.7407343989725647
288609,0.6434380766264565
288609,0.10921892102896946
298263,0.2754525886515441
298263,0.10244896203412146
981117,0.1969918167968886
981117,0.18498194138181545
313446,0.8431157962102739
313446,0.8727833165459824
702644,0.21924585092990356
702644,0.970264865424146
520635,0.9048974916471638
520635,0.09601418638197057
978818,0.36691484375749317
978818,0.973827983228018
970144,0.43103742728117334
970144,0.693477635610568
652136,0.05940952401288291
652136,0.6113075280395291
665896,0.12776364221576486
665896,0.6287199594656211
415911,0.20369627045008465
415911,0.7002526603637347
639419,0.949482119361257
639419,0.6175744474388378
249519,0.34233725179372865
249519,0.7582477739100184
985095,0.22773062877201955
985095,0.781880946686494
729330,0.8572385417341457
729330,0.8028411119386163
155002,0.1455875361942668
155002,0.16203035444775382
923651,0.9203553721142436
923651,0.6799951108872261
405483,0.2117383640134981
405483,0.15072026061110144
880998,0.7960939698731319
880998,0.6920372077877344
328786,0.5157193557973888
328786,0.3641106380977337
454817,0.43031597916459063
454817,0.19492167785294712
559055,0.8849980825003336
559055,0.09127343818149425
731987,0.13445440675622788
731987,0.9411464657535038
295594,0.8382094829989126
295594,0.421123261003418
110806,0.3353670084729855
110806,0.45656462700306844
498791,0.19484245028306235
498791,0.9436739781566014
857250,0.9724847422856853
857250,0.9679885809396708
601921,0.3235943693711214
601921,0.8064938173037408
183473,0.5075215890858733
183473,0.6755701748548886
339549,0.7494132570344356
339549,0.8673850942515218
257727,0.2527004453022743
257727,0.20369425411127495
203065,0.8011270617606105
203065,0.6574789431992739
681684,0.8317516231203658
681684,0.6469268027492036
370657,0.28515331143918066
370657,0.14768196230816288
756723,0.8393297358463279
756723,0.30577404131842456
42645,0.29337692316797714
42645,0.7886451676342909
642897,0.920394605303764
642897,0.8712823336785341
215911,0.03374472245478222
215911,0.05884331784727537
753252,0.3707793687997605
753252,0.00891933199455408
828910,0.1676044551168927
828910,0.22091011098612834
874929,0.45116183767018014
874929,0.08311822508192879
128084,0.11599449026637065
128084,0.6343304482807494
795753,0.6048871348490974
795753,0.5391727607790255
375562,0.3229267023492205
375562,0.15776916045310674
921939,0.2288870457312534
921939,0.8114602136396916
583060,0.8737349489122381
583060,0.44627051876125357
327888,0.8409568560108848
327888,0.4604683709334637
596180,0.07579324815047728
596180,0.2438241001918583
121455,0.9575029706301099
121455,0.9896744003480173
832897,0.5489448648818002
832897,0.7692256706350852
684201,0.2566886606754911
684201,0.7028414661918442
979804,0.9452179379123569
979804,0.7839148969123916
321500,0.2776814712656921
321500,0.24590844501320952
153637,0.5721475571867414
153637,0.022487400994483764
944934,0.6158992663309004
944934,0.04478720343136677
201994,0.55660360361292
201994,0.0894496189696592
476189,0.51104749620639
476189,0.4429843515519716
769319,0.46633151693475705
769319,0.09926903307027712
61741,0.12090078213096467
61741,0.9551230375953482
807156,0.9106289941473329
807156,0.8134302959195344
200395,0.29895131623114857
200395,0.6715317748609486
721377,0.10761010670132565
721377,0.8386282187357705
311239,0.9484270932049959
311239,0.9421407382148123
864721,0.6000804290952401
864721,0.26907004742711116
82761,0.13034572556091373
82761,0.933079382023783
970327,0.13413225862222922
970327,0.5714831032213997
16201,0.12325201482310888
16201,0.24957841524071223
29566,0.08624829448815807
29566,0.9116706046098789
170983,0.08841574916757666
170983,0.9493031646487633
465878,0.19989611414586028
465878,0.9205693759011335
109873,0.9170462872819228
109873,0.5230218277565272
235108,0.15061144821763517
235108,0.7487762034047548
265449,0.097566257732567
265449,0.6306931881220416
849132,0.8566239610128487
849132,0.8642994777831932
840323,0.22353680528836928
840323,0.011041670475484211
544852,0.4849049810445376
544852,0.6717268674368337
424051,0.6296342500944988
424051,0.6383006290103144
567114,0.8909135764108608
567114,0.30271437002804724
184398,0.0035428145752436357
184398,0.5970952156949969
976600,0.7988289410785495
976600,0.9148136464559139
589437,0.777345606113149
589437,0.7383080306581681
528473,0.24825872317411113
528473,0.7384189586857224
88800,0.6198476829087219
88800,0.0843974039641423
487547,0.6600643921854654
487547,0.7028070727150643
561762,0.9707869041107257
561762,0.09461894444768604
259842,0.10266817552239871
259842,0.5454163350637637
768185,0.7920907094913416
768185,0.30902448475885314
322205,0.5857632983978083
322205,0.561547561946507
414512,0.7512120738387135
414512,0.408629134553545
939568,0.9318993859165671
939568,0.6329840811461528
734384,0.4701092949154744
734384,0.7390646701659104
221849,0.19588457021575745
221849,0.23733209290218493
29513,0.07209533424794579
29513,0.6593571983149651
768779,0.1249981539573255
768779,0.33587437835578227
336709,0.9112211319095123
336709,0.8746970845212761
953376,0.632352250034281
953376,0.04252422499927955
282157,0.7483764010630459
282157,0.3590817411242203
17558,0.9663858287143395
17558,0.4890623811668199
24599,0.20644307816921836
24599,0.9960892554959506
769246,0.37799316083173984
769246,0.7927073143817981
373260,0.30611972787345465
373260,0.48095729323136927
819692,0.5572094147881099
819692,0.2269217868649428
584400,0.9619029957465902
584400,0.9917479144755457
540788,0.26897791058364373
540788,0.2661114732341636
818847,0.81180132855728
818847,0.942137073311702
901275,0.12858622443316425
901275,0.7577514044638562
697111,0.8073697439427279
697111,0.3471553985313691
527134,0.6462938154263691
527134,0.4301940106483214
686082,0.09601238955145464
686082,0.8606528320410963
430170,0.7401535812403472
430170,0.6276231822750726
393636,0.5942377910926633
393636,0.06605934036257421
734970,0.1918988434943255
734970,0.6364441991524378
867923,0.5873891311347463
867923,0.5402553936005295
368913,0.9466957260771509
368913,0.7030944505443473
285218,0.40988924344647515
285218,0.2979490684054459
495712,0.2574271366070534
495712,0.18095847611614668
96154,0.40399221595251744
96154,0.255924108740038
170571,0.6926276856642394
170571,0.613907587244576
24415,0.0737606365990815
24415,0.12724237983153552
419548,0.26909582539084753
419548,0.525696269860694
63665,0.3725896996959229
63665,0.983151942335556
710350,0.5729003502824401
710350,0.3415906189361865
335613,0.20193753752689103
335613,0.6150969034420091
665517,0.8809303850156562
665517,0.405538033957044
647115,0.17129363473279557
647115,0.9856338314353017
189961,0.031179543692883338
189961,0.228572642735267
847229,0.9511094105035404
847229,0.39494522758958295
723390,0.17828793260383724
723390,0.28425842298362836
941810,0.3404391672316618
941810,0.999483812931864
260688,0.5031685506778233
260688,0.48686143451045905
533754,0.10586489543773925
533754,0.1835283148733492
526208,0.2365912802544955
526208,0.6591861161933273
75161,0.3356322851589286
75161,0.09406205477643848
536074,0.5420793356339657
536074,0.6712473801181594
389252,0.34560955114086145
389252,0.7901086741851451
928558,0.111481754620398
928558,0.1652130413994961
884897,0.4458848668348879
884897,0.4346042328817137
516725,0.45519115593525217
516725,0.12035290178389513
552552,0.8804674178087234
552552,0.3377796451779169
679617,0.03981992681787483
679617,0.42205685536675686
309606,0.2181410676912492
309606,0.9167461862730878
690418,0.5514632944102138
690418,0.14652398727686688
210868,0.7470339319193035
210868,0.9448834676239095
670214,0.6393565070520714
670214,0.48775847526128024
856481,0.4444063567473441
856481,0.9645782810256491
411384,0.8801587277221647
411384,0.38017687737326566
618015,0.5944327680723638
618015,0.5358040613728197
300859,0.33157236543649227
300859,0.48254034943024116
440564,0.2879884442685863
440564,0.02653086817337802
805396,0.8940140885714792
805396,0.42810922793847017
157270,0.06094578386390004
157270,0.5356603920901878
49805,0.23206325412171036
49805,0.4577683149545717
171752,0.3342055779573391
171752,0.6847914222051832
457154,0.565819169585919
457154,0.826335956778483
798348,0.2482712958610681
798348,0.7813226338820847
902685,0.17189628699954418
902685,0.9855210254317411
808910,0.5459400756491586
808910,0.934640835586757
362853,0.6191233777661207
362853,0.1534879953759546
